0.3761417,0.3670605,0.35898935,0.3571069,0.3571791,0.3584079,0.3571374,0.35715085,0.3572172,0.3572864,0.3566906,0.35472215,0.3549735,0.3558103,0.35651095,0.3573488,0.3590969,0.3633041,0.36505805,0.3666253,0.3686831,0.36833575,0.3686491,0.36895045,0.3694208,0.36917165,0.3694876,0.3705492,0.37118195,0.3739145,58.58082,59.72942,59.719515,60.43011,60.16964,59.07113,61.03594,60.996945,59.95376,65.38699
0.3339987,0.3332444,0.33273015,0.3319986,0.33107695,0.3303062,0.329505,0.3288694,0.3280719,0.3269723,0.3261114,0.3250825,0.3236525,0.3221824,0.32031255,0.3180658,0.31537965,0.3121489,0.3082317,0.3037028,0.2986777,0.2924511,0.285262,0.2776853,0.2716019,0.27955745,40.42712,58.55764,57.20655,58.76738,59.949125,59.62624,60.8117,60.83804,60.48761,59.84625,65.28631,65.29992,65.37366,65.338985
0.3364933,0.3388203,0.3416861,0.3447968,0.33918265,0.3383837,0.3403437,0.3417285,0.342618,0.343194,0.3440443,0.3447287,0.3455119,0.3463208,0.347341,0.3482885,0.34902,0.349967,0.3510356,0.3521959,0.3533084,0.354478,0.3557024,0.3569706,0.3583559,0.35936625,0.3600822,0.3608409,0.36151965,0.3621865,0.36273015,0.3633184,0.364253,55.11115,57.69883,58.914645,59.34545,59.536065,59.3321,60.86547
0.3303072,0.3299425,0.329793,0.3279682,0.3273464,0.3241732,0.3184844,0.3143738,0.3139065,0.3157478,0.3263294,0.3933645,0.3753329,0.3033723,0.30612345,0.3009931,0.2967248,0.2914729,0.2847437,0.2774779,0.2705862,0.2673823,0.29313865,59.63191,58.960725,59.83708,60.0909,59.38165,60.55833,60.42115,60.06721,59.39924,64.383605,65.1521,65.17804,65.15273,65.19625,65.181885,65.27453,65.25454
0.33553705,0.3371403,0.3388381,0.3404941,0.34204695,0.3435763,0.3450829,0.34671635,0.3481439,0.34945215,0.3506018,0.35160295,0.3526707,0.3535162,0.35446985,0.3554593,0.35641695,0.3675446,58.709385,59.63967,59.85155,60.65169,60.697,60.793285,60.28252,59.93957,57.98208,65.18262,65.1323,65.10676,65.094515,65.11845,65.126935,65.02079,57.78643,60.115605,60.41277,60.53708,60.36826,60.10021
0.3253051,0.3244386,0.32365445,0.3229302,0.3222578,0.3216915,0.3211563,0.3204561,0.3198301,0.31936305,0.3189752,0.3182536,0.3178989,0.3180267,0.31785835,0.3169989,0.31539885,0.3146266,0.3142091,0.3134066,0.3126062,0.3119296,0.311201,0.31039175,0.3094385,0.30829045,0.3068966,0.3053554,0.30337095,0.3009305,0.2981551,0.2946688,0.29058125,0.2858893,0.2806006,0.2744428,0.2677502,0.2613972,0.2604628,0.3129252
0.3293461,0.3302092,0.33106985,0.3315232,0.3324338,0.3336628,0.3348394,0.3361183,0.3373973,0.3387471,0.3399882,0.34111725,0.342021,0.3428676,0.3435794,0.3442057,0.34493855,0.3456082,0.34635875,0.3469733,0.3478524,25.8714588,60.41504,59.118,59.84032,60.53641,60.58631,60.48103,60.331575,56.80417,65.1405,65.11806,65.11966,65.12301,65.10473,65.07797,65.06546,56.879635,60.16007,60.484
0.3285517,0.3285193,0.3278202,0.3263545,0.32621365,0.3262217,0.3259004,0.3259629,0.3267516,0.3268067,0.327154,0.3278255,0.3297994,0.3350662,0.3794589,0.5956002,0.5200352,0.4507878,0.4130487,0.4040521,0.3924443,0.386366,0.38661375,0.3884886,0.4002719,0.4183584,0.4255139,0.3084996,0.3026369,0.2991401,0.295181,0.2911752,0.28699695,0.2840405,0.29003645,0.3689514,22.8743,60.15968,60.37418,60.41305
0.3299619,0.330467,0.34003905,59.30998,59.26968,59.08926,58.71837,58.68609,58.62703,58.488585,58.50915,58.539065,58.67065,58.89843,58.425565,0.293138,0.26330715,0.2655219,0.27220555,0.2792899,0.2851879,0.2910966,0.3030937,60.517955,60.71086,60.663095,60.68915,60.55245,60.4327,60.51233,60.26941,58.31237,64.754695,65.05776,65.01914,64.98041,64.91048,64.94141,64.92771,61.80068
0.2990495,0.2964948,0.29368605,0.2911879,0.28695875,0.2824933,0.2781648,0.27267785,0.2665498,0.2597885,0.2528817,0.24864435,0.2584212,38.23117,60.596645,60.56095,60.56287,60.56986,60.60292,60.60957,60.63957,60.582225,60.58517,60.577665,60.53777,0.37674955,0.2896127,0.2844727,0.27809925,0.2711233,0.2630583,0.2587997,0.26806285,44.0226,60.47087,60.43472,60.43858,60.43458,59.899,60.20504
0.3070249,0.3089042,0.3106804,0.3231476,60.603225,60.70974,60.6878,60.63382,60.63297,60.607425,60.46306,60.507605,60.49601,60.46777,59.896655,56.99957,0.27888085,0.2612638,0.2648045,0.2718809,0.2788284,0.2854454,0.2913324,0.3091587,60.54462,60.60225,60.63284,60.57214,60.009455,60.11597,59.837055,59.30529,57.515325,64.90564,64.8824,64.88716,64.90111,64.86497,64.84453,64.84875
0.2967181,0.2939054,0.2905727,0.2868894,0.28257865,0.2777977,0.2723369,0.26615855,0.2594181,0.25244615,0.247707,0.2549406,31.310755,60.45339,60.46918,60.48903,60.53675,60.410445,60.48214,60.518155,60.44129,60.50893,60.574605,60.34513,0.3612612,0.2886167,0.2834313,0.27727925,0.2705087,0.2633432,0.258278,0.2660431,37.49484,60.30816,60.39511,60.34508,60.37694,59.803725,58.87018,56.67012
0.3052557,0.3073254,0.30917965,0.3109432,0.32056805,60.40321,60.55137,60.62045,60.61053,60.55729,60.5148,60.30453,60.39442,60.31347,60.35737,60.20183,55.150755,0.2751571,0.2595953,0.2634426,0.2701953,0.2773823,0.2838365,0.28957945,0.3108587,60.4696,60.48426,60.54543,60.40501,60.43563,60.36449,59.8795,59.79271,57.67935,64.74238,64.860015,64.82418,64.825895,64.79663,64.78372
1.944049,1.80351,0.3571081,0.3017957,0.276849,0.2715602,0.2657874,0.25916475,0.2523938,0.24708335,0.2524513,20.246855,59.84745,59.95012,60.38004,60.47181,60.47001,60.51696,60.45351,60.52635,60.54925,60.479165,60.42185,0.34966185,0.28566,0.2802392,0.2741896,0.2677254,0.26060555,0.2557294,0.26577995,45.68229,60.38332,60.47094,60.46774,60.39929,60.28683,60.327005,59.73912,58.26535
0.3163162,0.3157478,0.31599505,0.3167241,0.3239118,60.57151,60.61631,60.59543,60.59623,60.58292,60.5547,60.56872,60.58492,60.50673,60.581375,60.51136,53.685715,0.2724202,0.2582931,0.2621303,0.2688319,0.27577775,0.2822229,0.2881573,0.3150521,60.467885,60.38454,60.43611,60.38556,60.41238,58.350445,59.11588,59.913395,58.40006,64.77881,64.891155,64.87986,64.893135,64.88611,64.83901
3.723015,3.626017,2.6472035,2.484828,0.2725451,0.2671741,0.2615764,0.2551384,0.2485796,0.24368265,0.2491117,13.14152,60.507105,60.44006,60.53151,60.5157,60.50748,60.5629,60.53609,60.434955,60.58148,60.5328,60.54572,0.3204411,0.28452495,0.2792217,0.2735589,0.2669655,0.2600956,0.25580195,0.2671121,44.36145,60.47433,60.46215,60.19235,60.40902,59.66062,58.49458,59.39884,58.920565
0.31518535,0.3146177,0.3150816,0.3159081,0.320435,60.52944,60.63735,60.6055,60.67,60.6647,60.59026,60.593065,60.54814,60.60421,60.539135,60.52457,53.582775,0.2711459,0.25722195,0.2610285,0.2676429,0.2745539,0.2809315,0.28670355,0.313003,60.455525,60.45193,60.52856,59.92748,59.89283,60.21892,59.37528,58.254365,39.68952,64.73721,64.89606,64.85102,64.82941,64.79873,64.7889
6.244516,6.21938,4.863982,4.656763,0.27263965,0.2670867,0.2614748,0.2551381,0.2485643,0.2431851,0.2461371,5.35044555,60.31115,60.36156,60.01772,60.31171,60.252665,60.25873,60.35804,60.39733,59.94101,60.412205,60.41258,0.32204635,0.2833441,0.27790605,0.2718648,0.2654805,0.25849745,0.2542896,0.2661961,48.52485,60.27027,60.28712,60.24369,59.732335,60.32535,60.20736,55.42232,55.45904
0.30710845,0.3072122,0.3081117,0.3097356,0.3149227,60.31286,60.46215,60.400045,60.36991,60.527745,60.1717,60.45907,60.57479,60.58368,60.51776,60.4406,46.14506,0.2665271,0.25628235,0.260562,0.2672111,0.27410535,0.2803366,0.28623385,0.3366752,60.303045,60.22733,60.08404,59.771245,60.28264,60.08369,57.64526,58.199295,49.14636,64.82648,64.87493,64.83123,64.8651,64.80598,64.84695
0.3296266,10.96618,8.0235925,7.743648,0.27022345,0.2648954,0.2594503,0.2532476,0.2465235,0.2413502,0.2440838,0.3185886,60.36889,60.29626,60.353525,60.43888,60.4702,60.45667,60.45901,60.448835,60.50266,60.54642,60.47298,0.3158657,0.2824931,0.2771627,0.2712843,0.2644631,0.2578766,0.25376645,0.2653309,44.10954,60.26675,60.20309,59.669275,59.4641,59.92861,59.790885,59.84895,59.07057
0.297016,0.2993092,0.30149895,0.3037175,60.437335,60.48691,60.43593,60.537445,60.50341,60.488085,60.43427,60.424165,60.45121,60.47491,60.446455,53.31574,0.26922225,0.2553636,0.258993,0.2657906,0.2722132,0.2785159,0.2844302,0.30945895,60.50785,60.464855,60.38401,60.34027,60.344885,60.06238,60.05282,59.83254,59.865435,64.54275,64.80941,64.815315,64.76766,64.778875,64.785,64.78302
0.2956928,17.67752,17.520245,13.23377,13.02288,0.2676559,0.2625016,0.25683535,0.250766,0.2444052,0.2392186,0.24161535,0.3204623,60.15273,60.36922,60.40413,60.41188,60.42919,60.424285,60.4282,60.44026,60.4698,60.4236,60.36359,0.2986028,0.2808755,0.2754828,0.2694329,0.26263055,0.2559398,0.25241075,0.267505,53.524685,60.2736,60.26943,60.1885,60.27391,60.077925,59.59964,59.953465
0.2846603,0.2880136,0.29171965,0.3024635,59.692855,60.02219,59.75964,60.39659,60.34523,60.342045,60.32328,60.318545,60.33562,60.31126,60.242435,11.94278,0.25779115,0.2543305,0.2600275,0.2666099,0.2730815,0.2790982,0.2851157,56.89629,60.33009,60.326965,60.25531,60.02394,59.87622,60.05409,59.9457,60.10205,58.00355,64.63619,64.61807,64.60443,64.62131,64.592515,64.59944,64.5494
0.2688236,0.3496562,28.453005,22.32322,21.868455,0.2695272,0.2617477,0.2564844,0.2506676,0.24448215,0.2387544,0.236862,0.25991645,58.08958,59.976665,60.12059,60.02516,60.12076,60.08505,60.186795,60.21098,60.14456,60.15644,60.05711,28.0944397,0.2820123,0.2768142,0.2716212,0.2653293,0.25860595,0.2531276,0.2571643,8.0839398,59.99195,59.958725,59.69373,59.85485,59.820335,59.93318,59.977885
0.27083505,0.2752959,0.2798263,0.3043364,58.306515,60.31412,60.33364,60.264525,60.30245,60.385455,60.15441,60.265555,60.09899,60.18185,59.978185,0.299354,0.253997,0.2544607,0.2606181,0.2674101,0.2735108,0.2794597,0.2862669,60.246635,60.10697,60.262735,60.21145,59.12321,59.817705,60.12896,60.0547,59.16691,57.3709,64.63517,64.63264,64.60262,64.65355,64.615685,64.59371,64.55558
0.2510008,0.2892232,39.05496,39.38869,35.27885,0.4598549,0.260601,0.25543605,0.2502003,0.24422125,0.2384063,0.23464215,0.2415949,16.05554,60.17992,60.25438,60.254935,60.26249,59.650275,60.03169,60.20899,60.25352,60.22272,60.31789,59.78294,0.28222925,0.2766674,0.2712,0.26470875,0.2577947,0.251564,0.251573,0.30936065,59.84132,59.34151,59.437585,59.73204,60.03243,60.1472,59.50744
0.26176335,0.2671823,0.2724824,0.4594419,60.32873,60.38041,60.41802,60.38747,60.41589,60.41526,60.37579,60.055735,60.2888,60.32882,55.888425,0.2697783,0.25224065,0.255265,0.26184785,0.2685817,0.2744968,0.28045045,0.3001249,60.030335,59.79541,60.00976,59.86097,60.07077,60.335745,60.21532,60.0475,58.26566,63.02388,64.56811,64.51878,64.509975,64.54421,64.589075,64.53408,60.94417
0.2756771,0.2739727,0.27210895,0.2739178,0.27285785,0.2630596,0.2577925,0.25328895,0.2486006,0.24333485,0.2377194,0.2332934,0.23395435,0.2743336,59.75269,60.156,60.21168,60.220645,60.24266,60.24327,60.3095,60.39049,60.31516,60.29907,60.15971,0.2862868,0.2767781,0.27114985,0.264961,0.2581393,0.2515019,0.248929,0.27038205,57.75946,59.53503,59.46238,59.90737,59.77429,59.99571,60.002595
0.28339665,0.2856513,0.28811625,0.2907552,0.3282087,60.23952,60.26242,60.16023,59.84941,60.3806,60.35195,60.2901,60.2028,60.21399,60.13352,56.94249,0.26967135,0.2510162,0.25400685,0.2604748,0.266734,0.27282725,0.2787309,0.29884955,59.81435,59.79171,60.10658,60.21489,60.076925,59.84067,59.9189,59.78301,58.87683,62.91426,64.64171,64.6092,64.59851,64.62332,64.61432,64.62291
0.1276378,0.1351225,0.17009535,0.168095,0.1655941,0.1632006,0.1609166,0.15852795,0.1565043,0.1555769,0.1574428,0.17040305,0.2566864,53.40561,57.11224,57.19573,57.73987,58.19956,58.48705,58.7996,59.02207,59.08637,59.19224,59.0817,0.2875014,0.2759978,0.2705591,0.264658,0.25787965,0.2511801,0.24849725,0.2698291,57.117025,58.79014,59.7599,60.010035,60.00399,59.567185,59.27801,59.554775
0.1229778,0.1229904,0.1232005,0.1234703,0.1238882,0.1244119,0.1802391,0.24236045,0.2751082,0.3878588,0.4458546,0.52921555,0.6082353,0.6816737,0.7482518,0.7916653,0.80760665,0.2934821,0.1681373,0.1533071,0.14716,0.1436588,0.1416005,0.14026195,0.1394754,0.1436772,59.63924,59.9649,60.129165,59.84307,58.90908,58.87909,59.470765,59.01464,58.82075,56.932575,64.43644,64.431045,64.41023,64.38064
0.1219507,0.1213923,0.1206713,0.1198808,0.11922925,0.1185819,0.1178962,0.1172161,0.1164638,0.11579185,0.115133,0.1146232,0.11410745,0.1134026,0.11281645,0.111741,0.1106967,0.1095055,0.1079954,0.106504,0.104049,0.1024793,0.1007162,0.09901603,0.097480015,0.09634956,0.09607842,0.09759124,0.1078257,0.15304715,59.37962,59.72636,59.76457,58.74656,58.706535,59.09438,58.72393,59.11603,58.39517,55.886035
0.1237414,0.1242445,0.1246987,0.1251997,0.12572625,0.126163,0.1264768,0.12682035,0.1272233,0.127509,0.1279683,0.12838325,0.1287766,0.1293874,0.1291937,0.1284876,0.1283439,0.1292652,0.1294266,0.1302613,0.1312597,0.1326278,0.133456,0.1339401,0.1342821,0.13458805,0.1350019,0.1371426,59.24234,59.97523,60.12042,58.90243,58.709435,58.83776,58.87683,58.60612,57.69502,57.45203,64.50133,64.50638
0.1215494,0.1209288,0.1202786,0.1196845,0.1189743,0.118325,0.117693,0.11703085,0.1162906,0.11565045,0.1147634,0.113558,0.1125804,0.11165,0.11056805,0.1092375,0.1079751,0.1066603,0.10429355,0.1026736,0.1011393,0.099496205,0.09796093,0.096835675,0.09645894,0.097884575,0.1086743,0.1520522,59.48709,59.88031,59.966095,59.59675,58.71519,59.10679,58.49318,57.684515,55.55735,56.902205,64.4262,64.440145
0.12339415,0.1238396,0.12421595,0.124647,0.12508755,0.1255811,0.1259554,0.12626535,0.1267745,0.1273051,0.1277953,0.12837065,0.1288442,0.1293307,0.12985265,0.1303813,0.13096335,0.1314407,0.1318747,0.1322823,0.1327319,0.133182,0.1336637,0.13403285,0.134312,0.1345619,0.1347987,0.1350574,0.13543855,0.1371303,58.23952,59.98788,60.161895,60.05638,59.95297,59.303085,58.565,57.290165,55.97665,57.75544
0.1132797,0.1134882,0.11518945,0.1148891,0.1142638,0.113577,0.1129196,0.1121888,0.1114016,0.1105891,0.109759,0.1088117,0.1076527,0.1068451,0.1084935,0.1097817,0.1076644,0.1031442,0.09924766,0.09799221,0.09775894,0.09728662,0.096363855,0.0970953,0.1046464,0.1323632,49.50715,59.82007,60.10254,60.017785,59.5959,59.18561,59.56134,58.174,53.78515,54.8718,64.4431,64.473955,64.47153,64.51778
0.11433685,27.71463,28.09335,0.203974,0.12211475,0.1065466,0.101604,0.09997276,0.1001291,0.10094715,0.1017767,0.10289845,0.1041046,0.1068084,0.10815815,0.1092947,0.11041245,0.1117132,0.1130378,0.1146177,0.1158131,0.1169123,0.1176218,0.11895435,0.1219208,0.12315405,0.124542,0.1249718,0.12418715,0.1239438,59.194015,60.06084,59.999565,59.70082,59.53592,59.517645,59.41708,58.191775,56.51208,61.19139
0.1128691,0.1129781,0.111139,0.1103933,0.109693,0.1089257,0.1082298,0.1068789,0.1067322,0.105817,0.1051467,0.1045532,0.1033066,0.1026579,0.10179605,0.1006542,0.09953093,0.09799392,0.096814925,0.09548747,0.09415634,0.09283541,0.09214148,0.092546365,0.09507303,0.1111165,0.2038094,59.37585,59.413065,59.50667,59.72593,59.5725,59.4489,58.96233,57.2121,55.912395,64.40239,64.44889,64.46319,64.48057
53.06189,51.48443,56.580955,32.32398,25.694765,22.69671,20.18177,19.802975,16.59505,14.51001,12.79546,11.76978,8.554593,7.759448,6.3136,5.604363,5.1170695,4.765961,4.4972245,4.233281,4.075508,3.733688,0.2575293,0.18604055,0.2212173,0.67660175,3.642969,6.937732,8.9455155,11.99471,58.09492,59.76553,59.79095,59.80056,59.60666,59.11903,59.01797,57.02987,56.34458,60.31269
59.68875,59.66745,59.71262,58.7168,59.175635,59.38423,59.23037,59.304675,59.69185,59.33647,59.61593,59.64351,59.644655,59.78438,59.656145,59.56454,59.73804,58.646955,56.50991,57.26744,58.26011,58.76038,58.81391,59.13155,59.36978,59.72748,59.45794,60.008325,59.90034,59.662515,59.70592,59.30284,58.821565,55.99519,57.10674,56.4566,58.92701,64.37524,64.40462,64.41409
