39.48339,38.61432,34.30722,31.740805,31.6948,31.89721,31.90055,31.391215,31.41991,31.5519,34.00129,33.74515,33.81965,33.90953,33.95696,34.00503,34.04881,34.07224,34.11984,34.17178,34.23344,34.28828,34.33059,34.367,34.32447,34.27482,34.29692,34.17919,34.22902,51.17939,616.4768,614.62275,614.2383,616.8326,609.0375,616.3648,618.4604,614.2636,612.2265,656.11865
31.91665,31.17485,31.18457,31.226905,31.28368,31.34781,31.4621,31.552105,31.66319,31.78745,31.88875,32.496,32.46416,32.4424,32.15317,32.26723,32.38432,32.44326,32.45294,32.66763,32.80522,32.86949,32.94377,33.030405,33.09171,33.16248,33.22961,33.243265,33.33882,75.71726,598.2281,596.851,601.188,605.3561,606.7216,614.17425,613.9661,597.8692,599.2074,651.55025
31.63894,31.06016,31.41368,30.6469,31.89199,31.911635,31.96484,32.372405,32.46283,31.443475,32.14505,32.505625,32.677485,32.46137,32.46762,32.459695,32.47018,32.608985,32.535675,32.57317,32.9381,32.973495,33.0485,33.00226,32.600865,32.465935,32.4686,32.46847,32.7473,370.1553,596.6575,597.69425,601.1719,602.0137,600.0092,610.12145,609.0031,597.6999,606.29555,646.7229
31.83121,31.75502,31.88944,32.017205,32.11814,32.200645,32.24942,32.06772,31.663505,31.64638,32.26452,33.35046,33.608875,33.74544,33.7997,33.842585,33.84488,33.878615,33.92932,34.02066,34.13333,34.18307,34.22847,34.03442,34.141645,34.29357,34.20956,34.186175,34.36208,65.898625,603.5836,603.2433,605.6379,602.9197,602.40475,607.0008,604.7131,601.2219,601.9345,644.7103
32.85022,32.913815,33.02542,33.09649,33.10989,33.15433,33.25455,32.27847,31.94008,30.854985,31.10135,31.192665,31.21398,31.23274,31.3503,32.14921,33.81137,32.01799,31.91882,31.84001,31.39267,31.18376,31.218895,31.24273,31.31351,31.6978,31.54521,34.26638,34.421495,36.76791,599.27335,599.7652,603.57075,602.5941,604.3603,604.7627,603.36855,601.8498,589.6178,641.55835
33.04183,33.044095,33.18145,33.22076,33.26229,33.29716,33.362725,33.41076,33.446315,33.48009,33.51748,33.55235,33.59188,33.645305,33.67049,33.75765,33.74324,33.765405,33.69947,33.78038,33.84081,33.87312,33.918045,33.95358,34.06536,34.02953,34.00432,34.019995,34.07678,34.53905,588.6178,600.73585,601.1818,603.7354,605.3242,604.5856,604.1262,600.3219,592.74455,641.4828
32.46102,32.48146,32.61581,32.75722,32.82673,32.85372,32.92662,32.97748,33.02395,33.243155,33.37054,33.41466,33.39203,33.42181,33.4589,33.50007,33.53898,33.5891,33.66589,33.71564,33.78804,33.78678,33.80962,33.84373,33.87971,33.92513,33.96682,34.0062,34.05682,34.41461,576.5881,602.187,596.8688,601.5163,603.1304,603.1386,601.7555,601.3572,582.7997,639.7597
32.30681,32.31329,32.40669,32.43262,32.54915,32.6083,32.63117,32.87056,33.24354,33.48845,33.37111,32.55372,32.65561,33.12574,33.10078,33.16578,33.21031,33.272,33.33676,33.41072,33.3596,33.30245,33.36132,33.39904,33.42873,33.47832,33.530915,33.59985,33.65551,35.75029,569.0347,602.1206,595.0846,600.9207,601.928,602.0083,601.3528,600.6043,582.1406,638.5373
32.683535,32.756505,32.81085,32.869375,32.91148,32.96063,33.00302,33.05011,36.863855,489.5067,473.9185,450.53315,443.5324,447.2428,447.11495,455.5865,458.21475,455.5426,465.5402,472.61225,422.44115,33.47326,33.3989,33.49314,33.53446,33.581695,33.70748,33.77352,33.91271,535.1257,596.8179,599.9973,600.2284,600.5968,599.9899,600.05995,598.49265,595.9437,578.4205,636.228
32.40837,32.48596,32.54414,32.59395,32.63876,32.69026,32.72742,32.782125,69.31889,599.1701,598.3091,598.10935,598.3729,598.6583,598.4843,598.5285,597.7137,598.2436,597.9156,597.8046,394.6581,33.14418,33.19364,33.234785,33.29675,33.34216,33.40409,33.45493,33.65128,573.9277,598.4755,597.82795,598.137,597.125,595.9033,595.12855,596.8114,595.0349,584.6079,633.9741
32.32714,32.36742,32.39058,32.42314,32.48078,32.5429,32.59666,32.69217,88.42822,597.8203,597.9476,597.602,597.666,597.5282,596.4156,596.4565,596.1725,596.2877,595.9642,595.0843,214.8154,33.00556,33.06444,33.10713,33.13152,33.17224,33.23411,33.28801,33.57707,591.6154,597.5178,597.2959,597.0447,596.2212,595.3579,594.1555,594.754,585.0377,600.049,631.3459
32.15102,32.21998,32.28574,32.34162,32.40553,32.44736,32.486925,32.56599,69.31088,596.1398,596.02425,595.7558,595.1945,595.43955,595.3013,595.1788,594.7561,594.6459,594.5862,592.2338,220.5946,32.79834,32.87376,32.93249,32.98701,33.02829,33.07803,33.11817,33.35854,575.9077,595.68585,595.3932,595.207,595.0883,593.6522,590.5591,584.90645,592.0059,578.6174,630.6566
32.22318,32.29538,32.35295,32.40782,32.45901,32.50809,32.55213,32.6062,71.43963,594.7328,594.6672,594.5845,594.3726,593.2904,592.3338,593.4027,593.2569,592.5672,592.4648,591.5977,169.0787,32.85986,32.93742,32.99422,33.033725,33.07491,33.12641,33.18206,33.50883,591.2131,593.2951,593.714,593.91625,592.7686,592.662,590.039,591.8022,588.9761,599.2533,629.3632
32.293825,32.27352,32.32759,32.38148,32.434555,32.4611,32.508965,32.566425,37.65509,587.8108,590.64485,592.5379,592.5311,591.9431,592.3189,592.126,592.14315,592.2613,591.8824,590.8824,296.8379,32.874425,32.93399,32.99308,33.039685,33.06905,33.123975,33.14738,33.41983,587.6942,592.5717,592.6258,592.2671,590.25065,592.1385,591.48075,586.45135,585.687,597.07415,627.8236
33.43106,32.18913,32.26395,32.32038,32.36349,32.40992,32.452375,32.52302,58.05008,592.4494,592.0977,591.6693,591.7442,589.75605,591.4117,590.686,591.4427,591.277,590.6826,590.9417,154.5065,32.83053,32.90381,32.94694,32.9897,33.03939,33.087275,33.1199,33.64356,590.8075,591.5341,591.4168,591.4498,590.67495,589.4412,589.7543,589.9931,585.2532,595.0777,627.4895
33.42316,31.94046,32.02237,32.08543,32.13247,32.18753,32.22293,32.29759,55.98347,591.8585,591.4983,591.5464,590.7934,589.9803,591.02,591.096,590.8661,591.2138,590.8586,590.7155,116.5806,32.32265,32.39405,32.27176,32.31401,32.3701,32.41774,32.52633,33.6729,591.3696,591.7815,591.4751,591.1375,589.3469,574.9171,535.0793,573.2047,514.5806,595.7326,627.4025
33.54092,31.86527,31.93938,31.98956,32.1599,32.22061,32.26945,32.3254,54.86737,592.0141,591.743,591.7469,591.6437,591.509,591.3416,591.3645,591.2339,591.5037,590.289,589.4224,106.6339,32.66999,32.74837,32.78342,32.83428,32.86648,32.89775,32.94805,33.77485,590.6482,591.6302,591.1984,591.2016,586.3988,586.1282,588.3015,585.7076,437.5401,601.9418,627.41695
33.98776,31.87441,31.91028,31.95185,31.989765,32.0283,32.0546,32.11748,46.47073,591.7781,591.7965,591.5233,590.5768,590.2643,590.7197,591.2479,591.1185,591.04505,590.8398,590.5114,54.41506,31.78409,31.83769,31.89177,31.99378,31.79221,31.83724,32.7352,33.8577,590.0046,591.7064,591.19125,589.6053,590.9925,591.733,585.70605,557.9889,531.6082,597.1268,627.4249
43.695485,32.19752,32.29417,32.357835,32.39266,32.44375,32.47295,32.51173,35.46232,591.1855,591.097,590.424,590.698,590.24705,589.7048,590.82,591.0937,590.6355,590.8258,590.5061,136.59795,32.84818,32.93427,32.979325,33.01861,33.03445,33.074045,33.1181,33.74938,590.1874,590.7706,590.013,589.2839,589.85045,590.4807,584.7441,579.43445,546.8932,592.8931,626.6401
46.447535,31.79388,31.91875,32.02194,32.045855,32.07208,32.10767,32.14257,34.203135,590.1097,590.2661,590.0569,590.22365,589.5281,589.6211,589.8227,590.11295,589.6993,590.023,589.4291,133.52585,32.61364,32.69344,32.71302,32.769665,32.78012,32.81089,32.85744,33.44892,588.6335,589.1995,588.6427,583.9758,588.0997,587.848,589.1897,586.01135,568.1409,600.0464,625.3237
50.940885,31.78293,31.89413,31.947235,31.98211,32.02145,32.04776,32.10993,33.93397,589.7671,589.8823,589.9009,590.386,590.0159,590.0007,590.1543,589.2695,590.1355,589.9663,589.291,115.15505,32.43743,32.52949,32.56405,32.60138,32.62554,32.651825,32.6843,33.34869,590.0693,590.7008,589.4802,586.5972,588.69085,587.9592,588.4728,587.2704,586.8565,600.1366,625.6806
137.46255,31.70541,31.79373,31.85311,31.88869,31.910875,31.93456,31.9615,32.703065,588.4991,589.2754,588.96355,589.4469,589.4221,589.28135,589.1154,589.0903,589.15345,589.1376,588.3208,134.2603,32.35428,32.41735,32.43392,32.50825,32.48766,32.49514,32.53619,33.185195,588.9592,589.4967,589.19495,588.517,588.3671,586.76355,583.672,587.4167,586.77525,596.8524,624.7257
140.0622,31.52811,31.61898,31.70377,31.743,31.77656,31.80109,31.83008,32.548225,585.3793,588.3548,587.1595,588.9377,588.91355,588.5025,588.827,588.2888,588.48795,588.0733,587.3013,114.7217,32.26862,32.357855,32.39777,32.42411,32.44701,32.45484,32.49553,33.18758,588.1494,588.8594,588.34385,588.1612,586.8059,587.1975,585.7591,586.9371,585.9865,594.7904,623.7188
302.6991,31.465295,31.538305,31.59795,31.616555,31.65175,31.67934,31.710155,31.96434,583.4685,586.8001,586.4625,587.28845,587.1122,586.822,587.0198,587.1153,586.9013,586.6913,585.302,162.4176,31.961445,32.020625,32.04987,32.07248,32.201335,32.28824,32.32869,32.81011,585.3542,587.3085,586.59425,586.82245,586.595,586.00395,585.9751,585.8731,584.9921,590.9002,622.5062
225.1529,30.82675,30.97769,31.56421,31.624465,31.62104,31.67786,31.6932,32.008585,565.0054,586.2016,585.364,583.31835,585.811,585.816,585.1228,585.5949,585.2499,583.4896,581.3444,113.6068,31.59733,31.72268,31.86486,31.89205,31.91232,31.94473,31.98578,32.780795,585.4343,586.1277,585.1504,584.25405,576.7389,585.5105,585.3816,585.8458,576.6539,585.9738,621.4448
258.46515,31.24593,31.40641,31.55376,31.508165,31.33038,31.38064,31.39973,31.395485,579.5217,584.7169,585.2488,584.5185,585.40085,583.8695,585.7663,585.4526,584.9478,581.2324,583.4729,109.2635,31.52096,31.592685,31.65208,31.64677,31.59944,31.617185,31.65989,32.46797,583.5257,579.2895,584.50175,584.4053,585.0011,584.382,585.0146,585.2489,583.46,588.0738,621.0349
322.32425,31.0803,31.1314,31.17128,31.21055,31.22556,31.23195,31.24637,31.443295,571.2482,585.9859,585.9409,585.6529,585.6556,585.6623,584.5007,585.67965,585.2504,584.3861,585.3089,121.86535,31.96441,32.04333,32.08535,32.11701,32.14762,32.15537,32.18023,33.099165,584.3345,584.2681,584.6482,583.65155,585.2495,585.7804,583.8331,585.4656,578.8714,584.483,621.3844
31.292615,31.18548,31.22555,31.24978,31.27117,31.27993,31.293125,31.30158,31.48062,564.0978,586.1575,585.6652,585.8302,585.3836,585.5425,585.8396,585.98055,585.6518,585.5449,585.0384,78.564155,31.7132,31.79968,31.83214,31.85098,31.82911,31.848815,31.8836,32.8905,584.1756,579.4801,583.6826,586.2406,585.8826,585.4115,585.4319,584.48495,578.6348,584.9592,621.5813
31.28787,31.348735,31.37765,31.399095,31.402405,31.41612,31.41507,31.43352,31.512225,481.2371,586.5266,585.89125,586.0557,586.4712,586.5271,586.5418,585.7112,586.145,586.0718,584.9892,122.043,31.8537,31.93021,31.9601,31.966255,31.96827,31.9373,31.93193,33.47279,585.5088,584.0081,585.9583,586.3074,586.53885,584.48355,585.6772,584.49765,582.448,601.4218,622.14875
30.37729,30.40476,30.48083,30.49546,30.70176,30.54415,30.75539,30.45518,30.57316,31.66059,582.6033,583.9521,583.9898,583.454,584.3116,583.4958,583.8318,584.032,583.945,583.764,460.3279,31.00931,31.05818,31.19427,31.29781,31.25653,31.1538,31.14378,31.35034,574.1549,580.749,584.1104,585.6529,584.4762,583.8808,583.8045,582.4709,582.6143,538.5589,621.2952
31.02328,30.90852,30.90872,30.92269,30.919855,30.92742,30.92057,30.98112,31.100555,46.61166,53.21755,54.95825,58.952475,60.44381,62.22194,64.59685,67.463225,71.87208,72.0135,71.57504,33.685005,31.88551,31.93147,31.95094,31.963205,31.94874,31.94516,31.98315,33.007485,584.0427,585.7233,586.4442,586.1263,583.7456,582.5642,582.3286,582.32275,581.079,578.3414,622.1394
31.07236,31.116385,31.13276,31.14387,31.153625,31.15136,31.15316,31.18506,31.232945,31.2856,31.324585,31.34193,31.39099,31.64936,31.791535,31.879155,31.962655,32.02516,31.96884,31.93211,31.88986,31.919895,31.93355,31.92639,31.941775,31.92278,31.91119,31.91917,32.552885,585.5244,586.45005,586.70895,583.99435,579.6676,580.9275,583.1324,578.7992,574.77955,568.3391,621.8848
31.26675,31.287625,31.3264,31.367475,31.37485,31.39028,31.38132,31.39269,31.41608,31.4698,31.51618,31.563035,31.59675,31.647735,31.72093,31.703245,31.2251,31.46041,31.21404,32.01861,32.12491,32.08465,32.23129,32.35268,32.3596,32.33998,32.32648,32.3408,32.65247,581.1638,585.2457,585.3884,582.09175,581.2157,581.5562,580.1491,582.07635,579.1577,567.41645,621.6534
31.45524,31.48221,31.50909,31.51407,31.52771,31.52912,31.52829,31.54879,31.58516,31.63059,31.67822,31.72147,31.76606,31.81712,31.88604,31.95999,32.05239,32.13253,32.18871,32.23769,32.26966,32.04653,32.15021,32.21664,32.13867,31.84973,31.27218,30.59251,30.0065,581.2889,584.5076,584.8644,580.5218,576.5014,579.9925,580.3151,578.3103,564.1863,574.3274,620.5142
31.18892,31.221,31.24487,31.25335,31.26389,31.26882,31.26466,31.29195,31.33363,31.37832,31.427005,31.47478,31.52031,31.57233,31.64834,31.72311,31.80933,31.87155,31.92194,31.96822,32.014125,32.05228,32.10334,32.07632,31.90638,31.85459,31.97587,32.02604,32.36118,573.3016,585.29075,585.2551,583.7118,580.7354,578.6653,575.4789,573.7057,566.0717,574.9156,620.2656
31.026915,31.05852,31.06531,31.09192,31.11285,31.11346,31.15308,31.13091,31.145085,31.21852,31.29152,31.33305,31.38154,31.46146,31.5564,31.6419,31.74723,31.83158,31.84786,31.77285,31.4799,31.51928,31.56469,31.58004,31.558065,31.65261,31.87729,31.92141,32.14386,535.4529,584.4537,584.0146,584.2438,582.4673,576.667,582.3188,566.8494,560.1039,571.2042,619.7502
137.3552,50.46687,31.04291,31.05948,30.75656,30.70174,30.70186,30.73462,30.77957,30.83818,31.20763,31.42287,31.47723,31.52935,31.60986,31.68257,31.74703,31.76544,31.76559,31.79414,31.84596,31.87839,31.91124,31.90814,31.91719,31.96304,31.78494,31.63241,31.79812,437.6496,582.704,584.2411,583.8551,582.0332,581.5617,580.0655,576.8585,567.4582,578.0953,619.8184
569.2234,379.9652,30.9457,30.905935,30.92334,30.93123,30.96686,30.99972,31.02696,31.14216,31.205555,31.2643,31.32241,31.358985,31.4084,31.494685,31.58178,31.651995,31.70683,31.75186,31.802425,31.83586,31.875215,31.88533,31.89354,31.83023,31.78867,31.71603,31.93329,377.5008,585.2173,584.77755,583.749,584.19605,582.6462,581.8916,579.61885,569.5106,576.4752,620.34655
551.6735,414.4084,79.53447,76.17933,70.19078,68.03331,59.822545,52.34924,46.5712,44.548655,40.28747,38.91602,37.784745,36.703825,36.08493,35.79649,35.33896,34.8545,34.585285,34.24381,31.9329,31.94034,32.44506,33.149405,33.81791,36.50585,39.68049,40.25767,41.74843,446.11015,584.60725,584.5655,584.2314,584.50715,582.4859,583.50635,573.3792,564.0868,574.6608,621.3361
556.4442,574.9699,578.6731,583.1782,583.1675,583.1498,580.2001,578.6457,578.0009,576.8292,575.6695,576.5376,574.2559,574.2153,573.6786,574.0526,572.2074,570.8667,571.0395,569.2504,371.9386,428.4644,496.1728,528.0708,552.8889,568.9255,574.3396,575.1466,576.2124,581.1314,584.3991,583.9507,583.1536,582.5619,582.7248,567.0559,571.228,565.4444,563.5346,620.9107
