start_point,stop_point_exclusive,direction
50,4073,forward
4345,8367,reverse
8639,12662,forward
12933,16937,reverse
17208,21211,forward
21482,25468,reverse
25737,29723,forward
29993,33961,reverse
34229,38197,forward
38466,42449,reverse
42719,46701,forward
46971,50946,reverse
51215,55189,forward
55457,59393,reverse
59659,63595,forward
63859,67727,reverse
67989,71857,forward
72118,75981,reverse
76243,80106,forward
80367,84223,reverse
84483,88339,forward
88600,92476,reverse
92738,96614,forward
96877,100753,reverse
101015,104891,forward
105153,109027,reverse
109289,113163,forward
113425,117310,reverse
117573,121458,forward
121722,125625,reverse
125889,129793,forward
130057,133952,reverse
134215,138110,forward
138373,142269,reverse
142533,146429,forward
146692,150582,reverse
150845,154734,forward
154997,158888,reverse
159151,163042,forward
163304,167177,reverse
167439,171312,forward
171574,175444,reverse
175706,179576,forward
179838,183710,reverse
183972,187843,forward
188105,191976,reverse
192238,196109,forward
196371,200260,reverse
200523,204412,forward
204674,208546,reverse
208808,212679,forward
212941,216809,reverse
217071,220939,forward
221201,225088,reverse
225351,229237,forward
229500,233369,reverse
233631,237500,forward
237763,241651,reverse
241915,245804,forward
246066,249935,reverse
250197,254066,forward
254328,258214,reverse
258477,262363,forward
262625,266489,reverse
266751,270615,forward
270877,274746,reverse
275008,278877,forward
279142,283114,reverse
283383,287354,forward
287624,291615,reverse
291885,295877,forward
296146,300120,reverse
300389,304364,forward
304633,308606,reverse
308875,312848,forward
313117,317093,reverse
317362,321338,forward
321607,325583,reverse
325852,329827,forward
330097,334092,reverse
334362,338357,forward
338630,342702,reverse
342978,347049,forward
347317,351139,reverse
351398,355221,forward
355485,359486,reverse
359757,363758,forward
364029,368030,reverse
368301,372303,forward
372573,376571,reverse
376842,380840,forward
381111,385109,reverse
385380,389378,forward
389649,393672,reverse
393945,397968,forward
398240,402260,reverse
402532,406551,forward
406823,410845,reverse
411117,415138,forward
415410,419431,reverse
