35.62534,31.73786,31.64351,31.65044,31.69121,31.70778,31.71321,31.70686,31.645305,31.61972,31.57081,31.57321,31.659765,31.76167,31.86972,32.00476,32.098445,32.12262,32.16809,32.17896,32.165505,32.23066,549.9779,613.3065,613.38485
31.509685,31.42828,31.44328,31.51004,31.51149,31.61393,31.62954,31.668905,31.70129,31.73048,31.73064,31.71999,31.76987,31.76336,31.79408,31.7696,31.73666,31.766515,31.7354,31.66569,31.53196,31.1166,392.8883,555.3702,611.5729
31.49942,31.51661,31.54958,31.57511,31.60649,31.58184,31.53705,31.50502,31.36089,31.40653,31.51041,31.65003,31.830605,31.82326,31.80101,31.84489,31.77991,31.76586,31.78354,31.83591,31.865925,31.9046,74.84624,612.7882,613.19665
33.66897,35.501845,35.148,35.16769,35.136635,32.83134,32.52066,32.38905,32.23394,32.17335,32.45319,33.794345,33.59041,32.96408,32.884005,32.58568,32.2222,31.65823,31.54702,31.39507,31.08292,117.9416,546.1382,608.28045,612.10575
33.81973,33.795815,33.81415,33.825005,31.85699,31.828285,31.92168,59.19316,1126.594,1128.757,1129.157,30.94395,31.4202,31.669965,31.87605,1079.335,1056.178,1060.697,1006.561,31.31756,31.72506,32.10535,1231.4,1231.2715,1230.85
33.5744,33.53177,31.432535,31.17155,30.665215,1157.068,1155.669,1150.153,1151.5525,33.36802,31.552285,31.3801,31.08638,30.73142,1015.392,1123.599,1126.1415,1126.642,31.81706,31.52366,31.054675,1119.392,1111.498,1227.705,1229.793
32.41709,31.85468,31.896255,32.19866,1159.0095,1157.831,1155.3335,1154.153,30.915035,31.4002,31.699115,31.91443,40.309815,1142.97,1092.7,1018.614,1131.876,31.22686,31.69952,32.00033,593.841535,1191.412,1229.7365,1228.808,1228.961
33.116605,33.00493,31.22863,30.90519,30.60808,1158.086,1159.313,1158.069,55.85871,31.58894,31.40056,31.16251,30.71424,1128.97,1136.774,368.8985,1110.856,34.04632,31.67299,31.27297,30.853275,1106.185,1202.177,1227.936,1227.889
35.00571,31.64599,31.66634,31.80084,83.98469,1341.132,1342.308,1339.555,30.74223,31.10225,31.43388,31.74354,54.10907,1328.402,1318.1065,483.391,471.0619,31.26854,31.54691,31.8911,1277.897,1343.883,1423.287,1422.912,1423.0145
34.17235,33.72665,31.09587,30.73125,1012.662,1338.0055,1338.583,1338.254,55.33075,31.49337,31.26259,30.99595,30.61725,1327.426,1322.657,674.0544,584.895,36.51578,31.20065,30.83086,1126.0085,1304.166,1383.425,1421.151,1421.645
33.85649,31.42517,31.44655,31.5581,65.88776,1335.989,1334.546,1335.289,31.06231,31.4145,31.60521,31.32543,65.928855,1323.434,1319.264,557.5161,943.2813,31.03145,31.2591,31.63773,1293.105,1348.418,1420.852,1420.479,1420.4825
33.47527,32.70531,30.88085,30.52388,533.318995,1336.324,1337.796,1333.593,54.625065,31.27012,31.04463,30.71411,526.65004,1323.937,1314.858,1318.136,1229.274,37.09889,31.35661,30.87889,1102.7595,1309.698,1383.504,1418.807,1418.7
32.71985,31.33418,31.35031,31.4504,52.84663,1293.471,1288.639,1286.479,30.439355,30.77388,31.10393,31.32745,58.11637,1286.345,1278.902,1269.685,1233.161,30.73363,31.1413,31.43151,59.019165,1309.244,1368.413,1368.001,1367.596
31.91332,30.914665,30.55169,1127.3695,1290.402,1287.963,1285.553,35.77257,31.20996,30.982135,30.53016,1266.454,1284.2435,1278.564,1282.1395,1265.0455,1248.442,664.95227,31.41675,31.09181,30.576695,1259.4265,1304.516,1367.2615,1366.9785
31.36786,31.36013,31.48113,680.831695,1282.2385,1277.181,1288.8135,30.4934,30.89399,31.17538,31.54643,1288.978,1287.117,1285.661,1282.117,1264.946,1249.656,1131.552,30.862545,31.22935,32.277225,1250.279,1368.342,1368.094,1367.562
31.903775,31.013325,30.718745,30.22401,1287.93,1280.6325,1285.5255,1286.7465,31.377185,31.07008,30.797775,30.42289,1287.77,1286.54,1284.995,1280.6115,1279.5555,1284.922,31.648885,31.12283,30.700775,1213.4585,1266.326,1367.264,1367.054
31.3264,31.353525,44.574975,855.95975,856.1848,861.1177,479.8641,30.365205,30.69276,30.69191,30.92808,869.29315,869.5456,867.4783,859.55315,849.7019,834.49495,173.91715,30.97766,31.440345,31.67606,77.167225,960.33795,960.54555,960.4111
30.930705,30.8355,30.94321,31.34789,31.674285,31.9301,32.21781,32.09086,31.3381,31.23271,31.31579,31.07063,31.25336,33.51959,32.58398,32.38871,32.85091,32.73894,32.31085,31.63967,31.43142,31.11039,30.71473,877.8779,959.5578
30.46938,31.228,31.65861,32.13726,32.152735,32.19467,31.91469,32.28588,32.60079,32.69681,32.72656,32.78268,32.80054,32.79191,32.79173,32.7893,32.804275,32.77967,32.82853,32.84206,32.83332,32.87906,33.09428,962.3229,962.32755
32.485485,32.522345,32.532815,32.55634,32.51959,32.5714,32.577315,32.58862,32.60037,32.61211,32.59458,32.57161,32.578005,32.638855,32.65822,32.673465,32.6489,32.619635,32.59713,32.53755,32.412485,32.162665,31.67298,885.7048,961.1136
53.99788,41.746265,32.68052,33.33027,33.84905,34.08014,34.01226,33.57364,33.40749,33.1934,33.04176,32.98687,33.01929,33.12523,33.285815,33.62391,34.241525,35.017615,36.24006,37.5091,39.98547,51.086775,61.392925,963.7723,963.3809
881.089,878.3017,719.4452,779.8769,823.6484,831.1712,837.9107,812.4839,811.3155,799.1365,769.1805,748.0332,746.6549,770.7629,788.6618,770.1524,814.2717,841.3214,859.27325,868.3043,879.2494,859.196,841.2867,784.3118,961.9401
896.81275,899.435,902.181,902.6857,902.2235,902.5432,896.87195,890.8656,897.8582,901.55335,900.2148,900.3034,903.7145,905.1978,904.9472,900.45155,900.3211,893.7492,890.30035,890.1766,900.8485,898.94795,834.8032,883.356,960.591
898.3143,890.7522,891.1458,897.5301,901.45515,894.2948,897.9369,897.4352,899.8087,900.1844,899.9221,901.499,904.2597,902.7763,902.9513,906.1377,902.2283,892.5621,874.7698,887.8297,898.3723,902.2528,879.6604,920.8471,960.6226
904.316,902.1705,898.4894,895.6739,901.00215,899.9113,898.9911,902.1673,903.4463,902.0744,901.418,903.6909,905.47565,905.1595,905.9473,903.3459,904.62565,902.969,901.3721,894.3754,892.257,902.0534,899.0882,880.6668,959.47005
