row,col,start_source_index,stop_source_index_exclusive,sample_count,median_current_A,mean_current_A,std_current_A
0,0,1041,1072,31,3.562534e-05,3.562966419354839e-05,1.2028415583452438e-06
0,1,1072,1103,31,3.173786e-05,3.184866774193548e-05,3.0777796893120384e-07
0,2,1103,1134,31,3.164351e-05,3.163432612903225e-05,5.8843745449826206e-08
0,3,1134,1165,31,3.165044e-05,3.164900548387097e-05,5.770226617335001e-08
0,4,1165,1195,30,3.169121e-05,3.1684611e-05,5.813768326710876e-08
0,5,1195,1226,31,3.170778e-05,3.1692571290322585e-05,6.227775954398985e-08
0,6,1226,1257,31,3.171321e-05,3.1704805806451614e-05,5.778367348242796e-08
0,7,1257,1288,31,3.170686e-05,3.168332161290323e-05,6.018485604700351e-08
0,8,1288,1318,30,3.1645305e-05,3.164299533333334e-05,6.308928962105172e-08
0,9,1318,1349,31,3.161972e-05,3.161291806451613e-05,5.594807698960228e-08
0,10,1349,1380,31,3.157081e-05,3.157693516129033e-05,5.855631305988739e-08
0,11,1380,1411,31,3.157321e-05,3.156388548387097e-05,6.199761472199901e-08
0,12,1411,1441,30,3.1659764999999996e-05,3.1656601999999997e-05,6.446691985817215e-08
0,13,1441,1472,31,3.176167e-05,3.176735806451613e-05,5.4901127341344875e-08
0,14,1472,1503,31,3.186972e-05,3.187553612903226e-05,7.596977075710215e-08
0,15,1503,1534,31,3.200476e-05,3.2010535161290323e-05,7.164912758044277e-08
0,16,1534,1564,30,3.2098445e-05,3.2081967333333335e-05,5.930720647236352e-08
0,17,1564,1595,31,3.212262e-05,3.2111604516129034e-05,5.9275612340272256e-08
0,18,1595,1626,31,3.216809e-05,3.2155372258064516e-05,6.327486142576332e-08
0,19,1626,1657,31,3.217896e-05,3.215548870967742e-05,5.923494444579438e-08
0,20,1657,1687,30,3.2165505e-05,3.2151011e-05,5.7176110882664285e-08
0,21,1687,1718,31,3.223066e-05,3.225598935483871e-05,1.5498490702657236e-07
0,22,1718,1749,31,0.0005499779,0.0003464569370967741,0.00025538910483660106
0,23,1749,1780,31,0.0006133065,0.0006113308870967742,4.467314359176489e-06
0,24,1780,1810,30,0.00061338485,0.00061340201,1.9616269667464312e-07
1,0,2847,2877,30,3.1509685e-05,3.168164733333333e-05,4.0341308283142646e-07
1,1,2816,2847,31,3.142828e-05,3.1408567741935484e-05,6.110662688890443e-08
1,2,2785,2816,31,3.144328e-05,3.144341064516129e-05,7.00326535330068e-08
1,3,2755,2785,30,3.1510040000000004e-05,3.148384166666667e-05,5.876984499346239e-08
1,4,2724,2755,31,3.151149e-05,3.151567258064516e-05,6.694858922928796e-08
1,5,2693,2724,31,3.161393e-05,3.1600557419354844e-05,5.782129588530836e-08
1,6,2662,2693,31,3.162954e-05,3.162100516129032e-05,6.042441361285914e-08
1,7,2632,2662,30,3.1668905e-05,3.166190466666666e-05,5.8285542560360175e-08
1,8,2601,2632,31,3.170129e-05,3.169285290322581e-05,5.920602782049267e-08
1,9,2570,2601,31,3.173048e-05,3.1718384193548384e-05,5.6458228393936986e-08
1,10,2540,2570,30,3.173064e-05,3.171746366666667e-05,6.034897632290316e-08
1,11,2509,2540,31,3.171999e-05,3.1734477419354834e-05,5.740701800233881e-08
1,12,2478,2509,31,3.176987e-05,3.175569774193548e-05,5.975346229459381e-08
1,13,2447,2478,31,3.176336e-05,3.1769242903225806e-05,5.6665150477768325e-08
1,14,2417,2447,30,3.179408e-05,3.178329966666667e-05,5.738775981475127e-08
1,15,2386,2417,31,3.17696e-05,3.1775035806451615e-05,5.45350674262744e-08
1,16,2355,2386,31,3.173666e-05,3.1771588387096774e-05,5.847054268530989e-08
1,17,2325,2355,30,3.1766514999999996e-05,3.176560633333333e-05,5.6505141918432885e-08
1,18,2294,2325,31,3.17354e-05,3.1731799677419354e-05,6.220063003953713e-08
1,19,2263,2294,31,3.166569e-05,3.1672254516129036e-05,6.358433306926039e-08
1,20,2232,2263,31,3.153196e-05,3.151475032258064e-05,9.149713372855499e-08
1,21,2202,2232,30,3.11166e-05,3.107378733333333e-05,2.244398691993518e-07
1,22,2171,2202,31,0.0003928883,0.00032252253548387095,0.0002110837845059311
1,23,2140,2171,31,0.0005553702,0.0005585336645161291,1.2894097826338702e-05
1,24,2109,2140,31,0.0006115729,0.0006098051838709678,4.257676082627528e-06
2,0,3176,3207,31,3.149942e-05,3.149559967741935e-05,5.8296369138520476e-08
2,1,3207,3238,31,3.151661e-05,3.1517484193548384e-05,5.6433667986532296e-08
2,2,3238,3269,31,3.154958e-05,3.154756387096774e-05,5.5072013715616413e-08
2,3,3269,3300,31,3.157511e-05,3.157005225806451e-05,5.968515656556568e-08
2,4,3300,3330,30,3.160649e-05,3.1597486333333335e-05,5.815377026948093e-08
2,5,3330,3361,31,3.158184e-05,3.158225419354839e-05,6.059722243044724e-08
2,6,3361,3392,31,3.153705e-05,3.153191225806451e-05,5.4884870981383017e-08
2,7,3392,3423,31,3.150502e-05,3.150144774193548e-05,7.188491796187162e-08
2,8,3423,3453,30,3.136089e-05,3.134503233333333e-05,6.145490469622555e-08
2,9,3453,3484,31,3.140653e-05,3.1411384516129035e-05,8.645622490466416e-08
2,10,3484,3515,31,3.151041e-05,3.1513417741935486e-05,6.086790063045746e-08
2,11,3515,3546,31,3.165003e-05,3.164977e-05,9.13495622815582e-08
2,12,3546,3576,30,3.1830605e-05,3.181285466666666e-05,6.200842194053592e-08
2,13,3576,3607,31,3.182326e-05,3.182084709677419e-05,6.049154599390382e-08
2,14,3607,3638,31,3.180101e-05,3.1781808387096784e-05,6.118581008259233e-08
2,15,3638,3669,31,3.184489e-05,3.184266741935484e-05,5.749118939330095e-08
2,16,3669,3699,30,3.1779910000000005e-05,3.1792587e-05,6.032605883308923e-08
2,17,3699,3730,31,3.176586e-05,3.174175645161291e-05,5.9565959945115474e-08
2,18,3730,3761,31,3.178354e-05,3.1773201935483874e-05,6.17410920005082e-08
2,19,3761,3792,31,3.183591e-05,3.1826307096774195e-05,5.937542134009015e-08
2,20,3792,3822,30,3.1865925e-05,3.1858724e-05,5.9138666798184687e-08
2,21,3822,3853,31,3.19046e-05,3.188987451612903e-05,8.311456371891276e-08
2,22,3853,3884,31,7.484624e-05,0.00029007421903225807,0.0002580752601517059
2,23,3884,3915,31,0.0006127882,0.0006095650290322581,6.3133732169814704e-06
2,24,3915,3945,30,0.00061319665,0.0006132284199999999,2.510859605792414e-07
3,0,4892,4919,27,3.366897e-05,3.396567407407407e-05,1.1778324837324084e-06
3,1,4864,4892,28,3.5501844999999996e-05,3.550985642857143e-05,1.239984247081474e-07
3,2,4837,4864,27,3.5148e-05,3.514866777777778e-05,9.707954624309639e-08
3,3,4809,4837,28,3.5167690000000005e-05,3.515777142857142e-05,1.3144630124976834e-07
3,4,4781,4809,28,3.5136635e-05,3.500846535714285e-05,2.890811221597796e-07
3,5,4754,4781,27,3.283134e-05,3.317250333333333e-05,5.931515363185334e-07
3,6,4726,4754,28,3.252066e-05,3.2530525e-05,7.082081975460528e-08
3,7,4699,4726,27,3.238905e-05,3.239239222222222e-05,7.578660911393093e-08
3,8,4671,4699,28,3.223394e-05,3.223034678571429e-05,6.940596480406173e-08
3,9,4643,4671,28,3.217335e-05,3.219073321428571e-05,7.057520022002686e-08
3,10,4616,4643,27,3.245319e-05,3.2593277407407414e-05,3.42569653156331e-07
3,11,4588,4616,28,3.3794345e-05,3.376200607142858e-05,1.3710124885695798e-07
3,12,4561,4588,27,3.359041e-05,3.3512272962962956e-05,2.135853610050681e-07
3,13,4533,4561,28,3.296408e-05,3.2948493214285714e-05,7.327657158491973e-08
3,14,4505,4533,28,3.2884005e-05,3.2872511428571435e-05,9.001283359746533e-08
3,15,4478,4505,27,3.258568e-05,3.259215185185185e-05,1.1149151128746669e-07
3,16,4450,4478,28,3.2222200000000005e-05,3.221908e-05,1.4236345397808866e-07
3,17,4423,4450,27,3.165823e-05,3.168553259259259e-05,1.245462839326283e-07
3,18,4395,4423,28,3.154702e-05,3.153121285714286e-05,6.078983936817248e-08
3,19,4367,4395,28,3.139507e-05,3.1393172500000004e-05,8.169792411355533e-08
3,20,4340,4367,27,3.108292e-05,3.104813814814815e-05,1.7151729043683321e-07
3,21,4312,4340,28,0.0001179416,0.0001942993514285714,0.0001828890927300273
3,22,4285,4312,27,0.0005461382,0.0005462488,8.295103672560004e-06
3,23,4257,4285,28,0.00060828045,0.0005976692928571428,1.890305896851333e-05
3,24,4229,4257,28,0.00061210575,0.0006120867107142857,2.3549883733302212e-07
4,0,5187,5215,28,3.381973e-05,3.381366607142857e-05,5.587070650421941e-08
4,1,5215,5243,28,3.3795815e-05,3.3787935000000005e-05,6.258403564693758e-08
4,2,5243,5270,27,3.381415e-05,3.380234518518518e-05,5.742763442225395e-08
4,3,5270,5298,28,3.3825005e-05,3.3811664285714284e-05,6.282643781701687e-08
4,4,5298,5325,27,3.185699e-05,3.2266231481481484e-05,7.436819595404698e-07
4,5,5325,5353,28,3.1828285e-05,3.181858607142857e-05,5.6181352545591734e-08
4,6,5353,5381,28,3.192168e-05,3.196703785714286e-05,1.809967670065873e-07
4,7,5381,5408,27,5.919316e-05,0.0004843502633333333,0.000531486727630859
4,8,5408,5436,28,0.0011265939999999999,0.0011270166428571427,2.292887951506415e-06
4,9,5436,5463,27,0.001128757,0.0011287264074074075,1.5741818394482913e-06
4,10,5463,5491,28,0.001129157,0.0011265183928571428,5.80392916996313e-06
4,11,5491,5519,28,3.0943950000000004e-05,0.00025196285750000004,0.0004236936003622635
4,12,5519,5546,27,3.14202e-05,3.140445555555556e-05,1.3435159267504326e-07
4,13,5546,5574,28,3.1669965000000004e-05,3.1663545e-05,7.598584898800917e-08
4,14,5574,5601,27,3.187605e-05,3.2160399629629624e-05,5.421233537535972e-07
4,15,5601,5629,28,0.001079335,0.0007201131228571428,0.0005004089604813425
4,16,5629,5657,28,0.001056178,0.0010468762142857141,2.4929047291917372e-05
4,17,5657,5684,27,0.001060697,0.0010606307037037037,5.315526341067159e-06
4,18,5684,5712,28,0.001006561,0.0005751076425,0.0004948674733203575
4,19,5712,5739,27,3.131756e-05,3.128669333333334e-05,1.9549854905211357e-07
4,20,5739,5767,28,3.172506e-05,3.1712597499999995e-05,1.0227907028688778e-07
4,21,5767,5795,28,3.210535e-05,3.417119035714285e-05,4.258780539900127e-06
4,22,5795,5822,27,0.0012314,0.0010163367781481482,0.0004513143452628375
4,23,5822,5850,28,0.0012312715,0.001231235392857143,5.158748698837173e-07
4,24,5850,5877,27,0.00123085,0.0012310054814814815,4.1091572267138735e-07
5,0,6720,6744,24,3.35744e-05,3.355787083333334e-05,6.035778442729841e-08
5,1,6695,6720,25,3.353177e-05,3.34523164e-05,2.5961438095575443e-07
5,2,6671,6695,24,3.1432535e-05,3.150656166666667e-05,1.900466107227966e-07
5,3,6646,6671,25,3.117155e-05,3.1162616e-05,1.1118769784468102e-07
5,4,6622,6646,24,3.0665215e-05,7.166992625e-05,0.00019699811429657146
5,5,6597,6622,25,0.001157068,0.00114268112,2.8750915606039406e-05
5,6,6573,6597,24,0.001155669,0.0011558203750000001,2.0414455216116703e-06
5,7,6548,6573,25,0.001150153,0.0011503788,2.181347748526153e-06
5,8,6524,6548,24,0.0011515525,0.0011514915416666665,9.137593127280488e-07
5,9,6499,6524,25,3.336802e-05,3.95516504e-05,1.2861610351859827e-05
5,10,6475,6499,24,3.1552285e-05,3.153408958333334e-05,7.665856695325269e-08
5,11,6450,6475,25,3.13801e-05,3.13814144e-05,8.268415321353956e-08
5,12,6426,6450,24,3.108638e-05,3.107265708333334e-05,1.4375358356342297e-07
5,13,6401,6426,25,3.073142e-05,0.00045612140119999996,0.0005219064079778285
5,14,6377,6401,24,0.001015392,0.0010116837,3.619491440046057e-05
5,15,6352,6377,25,0.001123599,0.00111955764,9.725419768339067e-06
5,16,6328,6352,24,0.0011261415,0.0011263239166666667,2.719081369333303e-06
5,17,6303,6328,25,0.001126642,0.0006105987899999999,0.0005392033453438407
5,18,6279,6303,24,3.181706e-05,3.205982208333334e-05,5.742608347401843e-07
5,19,6254,6279,25,3.152366e-05,3.15243736e-05,9.996980263579595e-08
5,20,6230,6254,24,3.1054675000000004e-05,3.102630875e-05,2.12306943349177e-07
5,21,6205,6230,25,0.001119392,0.0008529546748,0.000463186375272198
5,22,6181,6205,24,0.0011114979999999998,0.0011138358333333334,2.4780041022071702e-05
5,23,6156,6181,25,0.001227705,0.0012197922,1.4971534067021997e-05
5,24,6131,6156,25,0.001229793,0.0012297812799999999,3.2771481748614754e-07
6,0,6983,7008,25,3.241709e-05,3.26905564e-05,8.064399274335564e-07
6,1,7008,7033,25,3.185468e-05,3.184844e-05,6.26336172993388e-08
6,2,7033,7057,24,3.1896255000000005e-05,3.188316e-05,6.470406691236612e-08
6,3,7057,7082,25,3.219866e-05,3.28667356e-05,1.4701358560216946e-06
6,4,7082,7106,24,0.0011590095,0.0008832136691666667,0.000478417529987182
6,5,7106,7131,25,0.001157831,0.00115770692,1.0745833395321259e-06
6,6,7131,7155,24,0.0011553335,0.0011553915833333334,7.765277906953567e-07
6,7,7155,7180,25,0.001154153,0.00114876876,1.0887145074003569e-05
6,8,7180,7204,24,3.0915035e-05,0.00020342853166666668,0.00038615020325551494
6,9,7204,7229,25,3.14002e-05,3.13966172e-05,1.3930954679475486e-07
6,10,7229,7253,24,3.1699115e-05,3.169705333333333e-05,9.21820129628814e-08
6,11,7253,7278,25,3.191443e-05,3.19388264e-05,1.477033137578161e-07
6,12,7278,7302,24,4.0309815e-05,0.0003189783191666667,0.00048061305670559385
6,13,7302,7327,25,0.00114297,0.0011415152,7.820300838203076e-06
6,14,7327,7351,24,0.0010927,0.001095668375,1.4820457600370323e-05
6,15,7351,7376,25,0.001018614,0.0010074315399999998,8.66800066530085e-05
6,16,7376,7400,24,0.001131876,0.0009784990083333332,0.00035997817083415585
6,17,7400,7425,25,3.122686e-05,3.12085808e-05,2.3306770142462922e-07
6,18,7425,7449,24,3.1699520000000005e-05,3.1693534166666665e-05,1.0918521007584049e-07
6,19,7449,7474,25,3.200033e-05,3.2181522400000003e-05,4.0957607085648846e-07
6,20,7474,7498,24,0.000593841535,0.0005795022125000001,0.0005303527551103316
6,21,7498,7523,25,0.001191412,0.0011784472,4.5819843585939936e-05
6,22,7523,7547,24,0.0012297365,0.0012297260000000002,4.224576901892138e-07
6,23,7547,7572,25,0.001228808,0.00122887964,3.900919768464691e-07
6,24,7572,7596,24,0.001228961,0.0012290324166666668,4.35693022347391e-07
7,0,8432,8456,24,3.3116605e-05,3.311965291666667e-05,6.239702306461731e-08
7,1,8407,8432,25,3.300493e-05,3.24925216e-05,7.333461126844816e-07
7,2,8382,8407,25,3.122863e-05,3.12236192e-05,8.607733982506648e-08
7,3,8357,8382,25,3.090519e-05,3.0890144400000004e-05,1.5473364559991495e-07
7,4,8332,8357,25,3.060808e-05,0.0005022606592,0.0005333406663078757
7,5,8308,8332,24,0.001158086,0.0011576954166666665,1.1259295758271322e-06
7,6,8283,8308,25,0.001159313,0.00115924548,3.818219606046592e-07
7,7,8258,8283,25,0.001158069,0.0011580853199999997,6.177934101299294e-07
7,8,8233,8258,25,5.585871e-05,0.0004892663171999999,0.0005458943201123558
7,9,8208,8233,25,3.158894e-05,3.16360296e-05,1.664067254044747e-07
7,10,8184,8208,24,3.140056e-05,3.139736416666667e-05,7.160376298984243e-08
7,11,8159,8184,25,3.116251e-05,3.11460936e-05,1.1421001934611528e-07
7,12,8134,8159,25,3.071424e-05,0.000193148238,0.00037256701663714975
7,13,8109,8134,25,0.00112897,0.0011281275999999998,9.542000687486893e-06
7,14,8084,8109,25,0.001136774,0.0010476717519999998,0.00012404371130238925
7,15,8060,8084,24,0.0003688985,0.00041246711250000006,0.00011257244508167215
7,16,8035,8060,25,0.001110856,0.000963361928,0.00028590453568173066
7,17,8010,8035,25,3.404632e-05,4.03556132e-05,1.338954821284414e-05
7,18,7985,8010,25,3.167299e-05,3.16737876e-05,1.1784308499967252e-07
7,19,7960,7985,25,3.127297e-05,3.12445096e-05,1.7397373904081081e-07
7,20,7936,7960,24,3.0853274999999996e-05,0.00046870454416666666,0.0005186562682312216
7,21,7911,7936,25,0.001106185,0.0011025033999999998,1.1235695100882686e-05
7,22,7886,7911,25,0.001202177,0.0011899322,3.8162070571707717e-05
7,23,7861,7886,25,0.001227936,0.001227976,6.913286917233972e-07
7,24,7836,7861,25,0.001227889,0.00122776456,6.333560818370683e-07
8,0,8697,8722,25,3.500571e-05,3.41479244e-05,1.319586679317672e-06
8,1,8722,8747,25,3.164599e-05,3.16342216e-05,6.414929073216675e-08
8,2,8747,8772,25,3.166634e-05,3.16636044e-05,6.084264143378444e-08
8,3,8772,8797,25,3.180084e-05,3.2060412e-05,5.223698383559297e-07
8,4,8797,8821,24,8.398469000000001e-05,0.0006410593370833333,0.0006436966604166513
8,5,8821,8846,25,0.001341132,0.00134149192,1.0695900867154594e-06
8,6,8846,8871,25,0.001342308,0.0013423605600000003,4.501350979428105e-07
8,7,8871,8896,25,0.001339555,0.00133704988,6.530260909458379e-06
8,8,8896,8921,25,3.074223e-05,0.0004996911864,0.000576897683498583
8,9,8921,8945,24,3.1102250000000005e-05,3.109010916666667e-05,1.4119877961927406e-07
8,10,8945,8970,25,3.143388e-05,3.1440907199999995e-05,9.417412759436687e-08
8,11,8970,8995,25,3.174354e-05,3.18421236e-05,3.047944144748069e-07
8,12,8995,9020,25,5.410907e-05,0.0005070738668,0.0006166741822103407
8,13,9020,9045,25,0.001328402,0.0013286088400000001,1.564490630972257e-06
8,14,9045,9069,24,0.0013181065,0.00130435725,3.1914938843027205e-05
8,15,9069,9094,25,0.000483391,0.0006557517759999999,0.00030054368919382924
8,16,9094,9119,25,0.0004710619,0.000579826472,0.00020673370331505896
8,17,9119,9144,25,3.126854e-05,0.0001545110628,0.0003341724565191795
8,18,9144,9169,25,3.154691e-05,3.15563148e-05,9.072231232150126e-08
8,19,9169,9193,24,3.1891100000000004e-05,3.2219404166666664e-05,6.634133620898098e-07
8,20,9193,9218,25,0.001277897,0.0007494416244,0.0006209659105557043
8,21,9218,9243,25,0.001343883,0.0013438297199999999,5.641024586758684e-05
8,22,9243,9268,25,0.001423287,0.0014234849199999998,6.064295454543823e-07
8,23,9268,9293,25,0.001422912,0.00142272636,6.375587740749873e-07
8,24,9293,9317,24,0.0014230145,0.0014229550833333333,4.3108650685087706e-07
9,0,10153,10177,24,3.417235e-05,3.4156092916666667e-05,7.100713235766982e-08
9,1,10128,10153,25,3.372665e-05,3.30336112e-05,1.2427941596236118e-06
9,2,10103,10128,25,3.109587e-05,3.1093688e-05,1.1142842969368293e-07
9,3,10078,10103,25,3.073125e-05,3.07093328e-05,1.6848396580137816e-07
9,4,10053,10078,25,0.001012662,0.0006477888800000001,0.0005975351887535497
9,5,10029,10053,24,0.0013380055,0.0013367897083333333,2.606649517406848e-06
9,6,10004,10029,25,0.001338583,0.0013383910399999998,1.1257249212840586e-06
9,7,9979,10004,25,0.001338254,0.0013380569199999998,8.470710440099035e-07
9,8,9954,9979,25,5.533075e-05,0.0005107332276,0.0006205624170577606
9,9,9929,9954,25,3.149337e-05,3.1528341599999996e-05,1.7293480169543692e-07
9,10,9905,9929,24,3.126259e-05,3.126040416666666e-05,7.60412047246249e-08
9,11,9880,9905,25,3.099595e-05,3.09600616e-05,1.3073886827351667e-07
9,12,9855,9880,25,3.061725e-05,0.0004990269967999999,0.0005762637512297981
9,13,9830,9855,25,0.001327426,0.0013265881200000002,3.874407250870759e-06
9,14,9805,9830,25,0.001322657,0.00132302584,2.0868055717771066e-06
9,15,9781,9805,24,0.0006740544,0.0007524305375,0.00018160635506443557
9,16,9756,9781,25,0.000584895,0.000635406692,0.00015407003953713498
9,17,9731,9756,25,3.651578e-05,0.0001285997692,0.0002934441016716571
9,18,9706,9731,25,3.120065e-05,3.12427996e-05,1.605010275974582e-07
9,19,9681,9706,25,3.083086e-05,3.07938124e-05,1.8335910135643648e-07
9,20,9657,9681,24,0.0011260085000000001,0.0007748012075000001,0.000581938166535417
9,21,9632,9657,25,0.001304166,0.0013016398799999998,1.3791991042108454e-05
9,22,9607,9632,25,0.001383425,0.0013739299999999998,4.4183068275528345e-05
9,23,9582,9607,25,0.001421151,0.00142119572,4.30973365302312e-07
9,24,9557,9582,25,0.001421645,0.00142160448,4.1850439615374e-07
10,0,10418,10443,25,3.385649e-05,3.33622508e-05,8.933676507459625e-07
10,1,10443,10468,25,3.142517e-05,3.13942096e-05,6.855400810922734e-08
10,2,10468,10493,25,3.144655e-05,3.1424690799999996e-05,5.889813449813162e-08
10,3,10493,10518,25,3.15581e-05,3.17357604e-05,4.119522394305432e-07
10,4,10518,10542,24,6.588776e-05,0.0005848449866666667,0.000637936578100446
10,5,10542,10567,25,0.001335989,0.0013364494800000002,1.200377377994102e-06
10,6,10567,10592,25,0.001334546,0.0013344023599999998,1.5989966574073753e-06
10,7,10592,10617,25,0.001335289,0.00133326608,6.242155325975177e-06
10,8,10617,10641,24,3.106231e-05,0.0005147826204166666,0.0005753130068085878
10,9,10641,10666,25,3.14145e-05,3.1399010799999996e-05,1.415541267761555e-07
10,10,10666,10691,25,3.160521e-05,3.16005736e-05,9.209285756800027e-08
10,11,10691,10716,25,3.132543e-05,3.1490644e-05,3.8231533859891114e-07
10,12,10716,10740,24,6.592885500000001e-05,0.0005806424466666666,0.0006329048324580594
10,13,10740,10765,25,0.001323434,0.00132385008,1.3016489210228825e-06
10,14,10765,10790,25,0.001319264,0.00130968184,1.6515920694118157e-05
10,15,10790,10815,25,0.0005575161,0.000784934196,0.0003576444511813245
10,16,10815,10839,24,0.0009432813,0.0008743351833333333,0.00024725888294065845
10,17,10839,10864,25,3.103145e-05,3.102909e-05,7.256763493459039e-08
10,18,10864,10889,25,3.12591e-05,3.1264980800000005e-05,8.847405920019742e-08
10,19,10889,10914,25,3.163773e-05,3.1950418e-05,6.794270732492194e-07
10,20,10914,10938,24,0.0012931050000000001,0.00072902045625,0.0006249162455392136
10,21,10938,10963,25,0.001348418,0.0013495151600000001,4.721144085467419e-05
10,22,10963,10988,25,0.001420852,0.0014208676799999998,4.1810082229051497e-07
10,23,10988,11013,25,0.001420479,0.0014205600799999999,4.653981452477128e-07
10,24,11013,11037,24,0.0014204825,0.0014205788333333334,3.684936302781345e-07
11,0,11873,11897,24,3.347527e-05,3.347259208333333e-05,6.401118626062937e-08
11,1,11848,11873,25,3.270531e-05,3.2438422e-05,1.0569389298157203e-06
11,2,11823,11848,25,3.088085e-05,3.08928728e-05,1.0003147990587747e-07
11,3,11798,11823,25,3.052388e-05,3.0518955600000004e-05,1.5582620118786166e-07
11,4,11774,11798,24,0.000533318995,0.0006242801891666667,0.0005977776468271426
11,5,11749,11774,25,0.001336324,0.0013350895200000001,2.9403279289222026e-06
11,6,11724,11749,25,0.001337796,0.00133700548,1.6343316706225968e-06
11,7,11699,11724,25,0.001333593,0.0013331473200000003,2.748723423263965e-06
11,8,11675,11699,24,5.4625065e-05,0.0004743881629166667,0.0006052565578147599
11,9,11650,11675,25,3.127012e-05,3.13215324e-05,1.999854169939401e-07
11,10,11625,11650,25,3.104463e-05,3.1039876e-05,8.796205177234091e-08
11,11,11600,11625,25,3.071411e-05,3.0710534399999996e-05,1.468675206866379e-07
11,12,11576,11600,24,0.00052665004,0.0006199037066666667,0.0005932396708658754
11,13,11551,11576,25,0.001323937,0.00132414252,4.062059222808061e-06
11,14,11526,11551,25,0.001314858,0.0013169861999999999,4.189253718742754e-06
11,15,11501,11526,25,0.001318136,0.001288170016,0.00010010408930534128
11,16,11477,11501,24,0.001229274,0.0011333097416666665,0.00019657124180200104
11,17,11452,11477,25,3.709889e-05,0.00019350021959999998,0.00041078165369046616
11,18,11427,11452,25,3.135661e-05,3.13748368e-05,1.677778321404836e-07
11,19,11402,11427,25,3.087889e-05,3.08483488e-05,1.986974883046086e-07
11,20,11378,11402,24,0.0011027595,0.0007275784370833332,0.0005934037292697786
11,21,11353,11378,25,0.001309698,0.0013036608,1.5049911199738034e-05
11,22,11328,11353,25,0.001383504,0.00137316316,4.396833760758305e-05
11,23,11303,11328,25,0.001418807,0.00141880672,5.766106152335492e-07
11,24,11278,11303,25,0.0014187,0.0014186217999999997,4.3780762898789775e-07
12,0,12138,12163,25,3.271985e-05,3.2439738800000004e-05,4.849828511386359e-07
12,1,12163,12188,25,3.133418e-05,3.13305396e-05,5.964407883302409e-08
12,2,12188,12213,25,3.135031e-05,3.13480308e-05,5.780574531445856e-08
12,3,12213,12238,25,3.14504e-05,3.15238816e-05,2.3673967864606108e-07
12,4,12238,12262,24,5.2846630000000005e-05,0.00051152491875,0.0006054505763374772
12,5,12262,12287,25,0.001293471,0.00129307112,9.135237849120588e-07
12,6,12287,12312,25,0.001288639,0.0012888984,9.738307861224816e-07
12,7,12312,12337,25,0.001286479,0.0012845902800000001,3.7797618604351097e-06
12,8,12337,12361,24,3.0439355000000002e-05,0.0005075106375,0.0005667851677935818
12,9,12361,12386,25,3.077388e-05,3.075321480000001e-05,1.508223236558834e-07
12,10,12386,12411,25,3.110393e-05,3.10952952e-05,8.649870727912656e-08
12,11,12411,12436,25,3.132745e-05,3.145366320000001e-05,3.311971363972822e-07
12,12,12436,12460,24,5.8116369999999996e-05,0.0005114672754166667,0.0006017366506171943
12,13,12460,12485,25,0.001286345,0.00128632984,8.270242888815217e-07
12,14,12485,12510,25,0.001278902,0.0012789248000000001,2.478225607163319e-06
12,15,12510,12535,25,0.001269685,0.0012714217999999998,5.889339181945609e-06
12,16,12535,12559,24,0.001233161,0.0012057233750000001,6.0395635147757495e-05
12,17,12559,12584,25,3.073363e-05,0.0001940398044,0.0003746648670198065
12,18,12584,12609,25,3.11413e-05,3.11327052e-05,1.1496869233386922e-07
12,19,12609,12634,25,3.143151e-05,3.1572208e-05,3.586417808566097e-07
12,20,12634,12658,24,5.9019164999999997e-05,0.00055215097,0.0006025439292668889
12,21,12658,12683,25,0.001309244,0.00130554332,4.1547150562915834e-05
12,22,12683,12708,25,0.001368413,0.0013684043999999999,5.644114811022492e-07
12,23,12708,12733,25,0.001368001,0.00136797768,4.474808348968633e-07
12,24,12733,12757,24,0.001367596,0.0013675608749999998,4.1755112586165806e-07
13,0,13618,13643,25,3.191332e-05,3.18186004e-05,6.030399119957483e-07
13,1,13592,13618,26,3.0914665e-05,3.090916807692308e-05,8.855369748694538e-08
13,2,13567,13592,25,3.055169e-05,3.0532149199999996e-05,1.7342818960987837e-07
13,3,13541,13567,26,0.0011273695,0.0007573944823076924,0.0005786449913968727
13,4,13515,13541,26,0.001290402,0.0012898803076923078,1.794085191554792e-06
13,5,13490,13515,25,0.001287963,0.00128729648,1.7551020510500402e-06
13,6,13464,13490,26,0.001285553,0.00128455,4.2088125312345604e-06
13,7,13438,13464,26,3.577257e-05,0.00018313090384615384,0.00039571335807823125
13,8,13413,13438,25,3.120996e-05,3.1212768000000006e-05,8.173296431673136e-08
13,9,13387,13413,26,3.0982135e-05,3.098423269230769e-05,1.0034792575977791e-07
13,10,13361,13387,26,3.053016e-05,3.0499849615384618e-05,2.3399724752623073e-07
13,11,13336,13361,25,0.001266454,0.001089981616,0.00039770095412058627
13,12,13310,13336,26,0.0012842435,0.0012831476538461538,3.249270154053625e-06
13,13,13285,13310,25,0.001278564,0.0012778605600000002,4.227958165166731e-06
13,14,13259,13285,26,0.0012821395,0.0012801225,3.526268372460528e-06
13,15,13233,13259,26,0.0012650455,0.0012605641923076924,9.217639586138153e-06
13,16,13208,13233,25,0.001248442,0.00124723056,2.5658759296583344e-06
13,17,13182,13208,26,0.00066495227,0.0006484605303846155,0.0006011458602463426
13,18,13156,13182,26,3.141675e-05,3.1570866153846154e-05,3.921387501409812e-07
13,19,13131,13156,25,3.109181e-05,3.1062142e-05,1.290531102453559e-07
13,20,13105,13131,26,3.0576695e-05,0.00015292389153846156,0.00033918170578127064
13,21,13079,13105,26,0.0012594265,0.0012502799615384615,2.8133755476132746e-05
13,22,13054,13079,25,0.001304516,0.0013016680399999996,4.3527676352849336e-05
13,23,13028,13054,26,0.0013672615,0.001367217423076923,4.531456017556926e-07
13,24,13002,13028,26,0.0013669785,0.001367063769230769,3.199077159831582e-07
14,0,13892,13918,26,3.136786e-05,3.1369879230769236e-05,6.41044013203382e-08
14,1,13918,13944,26,3.136013e-05,3.137344e-05,5.8792921277205614e-08
14,2,13944,13969,25,3.148113e-05,3.1648831199999996e-05,3.586976416573716e-07
14,3,13969,13995,26,0.000680831695,0.0006655702753846154,0.000621448213445738
14,4,13995,14021,26,0.0012822385,0.0012819525769230769,1.8594431377550643e-06
14,5,14021,14046,25,0.001277181,0.0012772778400000002,4.873747352335769e-06
14,6,14046,14072,26,0.0012888135,0.0012834820384615385,1.199319937259565e-05
14,7,14072,14098,26,3.0493400000000002e-05,0.0003288512123076924,0.0004930907948013177
14,8,14098,14123,25,3.089399e-05,3.08862736e-05,1.2767362577697932e-07
14,9,14123,14149,26,3.117538e-05,3.117160346153847e-05,8.370886865717335e-08
14,10,14149,14175,26,3.154643e-05,3.2161507692307695e-05,1.228871335695757e-06
14,11,14175,14200,25,0.001288978,0.000943074976,0.0005551688690141098
14,12,14200,14226,26,0.001287117,0.0012870228846153847,1.3277273911266392e-06
14,13,14226,14251,25,0.001285661,0.0012849844,1.715128216781462e-06
14,14,14251,14277,26,0.0012821170000000002,0.0012814080000000002,2.6408000827255217e-06
14,15,14277,14303,26,0.001264946,0.001266395730769231,5.2468056843238725e-06
14,16,14303,14328,25,0.001249656,0.0012503418,5.854780282811658e-06
14,17,14328,14354,26,0.001131552,0.0007463135349999999,0.0005681497256971148
14,18,14354,14380,26,3.0862544999999994e-05,3.084071653846154e-05,1.7897123219501617e-07
14,19,14380,14405,25,3.122935e-05,3.1238524799999994e-05,9.506353766276527e-08
14,20,14405,14431,26,3.2277225e-05,3.396419615384615e-05,4.142191126633599e-06
14,21,14431,14457,26,0.001250279,0.0011340641823076923,0.00038764787510836595
14,22,14457,14482,25,0.001368342,0.00136539708,6.781598642915984e-06
14,23,14482,14508,26,0.001368094,0.001368166076923077,3.5737579048011e-07
14,24,14508,14533,25,0.001367562,0.0013675963599999999,4.34284227666636e-07
15,0,15414,15440,26,3.1903775e-05,3.190813615384616e-05,6.405031021824329e-08
15,1,15388,15414,26,3.1013325e-05,3.110452269230769e-05,2.8596631744312433e-07
15,2,15362,15388,26,3.0718745e-05,3.070771923076923e-05,1.140953549557792e-07
15,3,15336,15362,26,3.022401e-05,0.00010829462230769232,0.0002707697997330881
15,4,15309,15336,27,0.00128793,0.0012630787407407408,4.6958898195630604e-05
15,5,15283,15309,26,0.0012806325,0.0012811068076923075,5.730222898196712e-06
15,6,15257,15283,26,0.0012855255,0.001283304269230769,5.46567198034655e-06
15,7,15231,15257,26,0.0012867465,0.0008616644173076922,0.0005862620958373225
15,8,15205,15231,26,3.1377185e-05,3.210358423076923e-05,1.5235096117067562e-06
15,9,15178,15205,27,3.107008e-05,3.107727814814815e-05,8.710943632334344e-08
15,10,15152,15178,26,3.0797775000000003e-05,3.077519153846154e-05,1.4653278416823585e-07
15,11,15126,15152,26,3.042289e-05,0.0004730741273076923,0.0005619098554412449
15,12,15100,15126,26,0.0012877700000000001,0.0012864446153846157,2.9542726304706258e-06
15,13,15074,15100,26,0.00128654,0.0012860964615384616,1.42429632371618e-06
15,14,15047,15074,27,0.001284995,0.0012833737407407409,5.046306383680033e-06
15,15,15021,15047,26,0.0012806115,0.0012801078076923077,3.132590596875552e-06
15,16,14995,15021,26,0.0012795555,0.0012798649615384616,2.56321957222627e-06
15,17,14969,14995,26,0.001284922,0.0010028569861538462,0.0005153208605295251
15,18,14943,14969,26,3.1648885e-05,3.3103612692307694e-05,2.940170162716329e-06
15,19,14916,14943,27,3.112283e-05,3.111070074074074e-05,1.026042880818573e-07
15,20,14890,14916,26,3.0700775e-05,3.068043923076923e-05,1.9927678470530629e-07
15,21,14864,14890,26,0.0012134585,0.0008965868511538462,0.0005292377026372599
15,22,14838,14864,26,0.001266326,0.0012805005384615385,4.16174013144934e-05
15,23,14812,14838,26,0.001367264,0.0013666435,1.8218185810633323e-06
15,24,14785,14812,27,0.001367054,0.0013670501851851852,3.9863201605612247e-07
16,0,15695,15722,27,3.13264e-05,3.1317113703703705e-05,5.661131670324555e-08
16,1,15722,15748,26,3.1353525e-05,3.1378455e-05,1.1979736555630408e-07
16,2,15748,15774,26,4.4574975e-05,0.000321381875,0.0003858772277816845
16,3,15774,15800,26,0.00085595975,0.0008555512576923076,1.687815979573118e-06
16,4,15800,15826,26,0.0008561848,0.0008568553846153847,2.1044756135970992e-06
16,5,15826,15853,27,0.0008611177,0.000860932940740741,1.3674654801680712e-06
16,6,15853,15879,26,0.00047986409999999996,0.0004629205761538461,0.0003049883934531027
16,7,15879,15905,26,3.0365205e-05,3.0325609615384616e-05,2.553004178109926e-07
16,8,15905,15931,26,3.0692759999999996e-05,3.070081692307692e-05,8.11404037062263e-08
16,9,15931,15957,26,3.0691910000000004e-05,3.068857692307692e-05,6.100071656383759e-08
16,10,15957,15984,27,3.092808e-05,3.208173962962963e-05,2.5913334150308454e-06
16,11,15984,16010,26,0.00086929315,0.0007450017734615384,0.0002915032483884023
16,12,16010,16036,26,0.0008695456,0.0008695504538461538,1.0342277431943535e-06
16,13,16036,16062,26,0.0008674783,0.0008670840769230768,1.8951436426800232e-06
16,14,16062,16088,26,0.00085955315,0.0008590047769230769,1.5672446231199005e-06
16,15,16088,16115,27,0.0008497019,0.0008497622925925927,5.380178202330668e-06
16,16,16115,16141,26,0.00083449495,0.0008222440807692307,2.2670998228268825e-05
16,17,16141,16167,26,0.00017391715,0.00026500077269230764,0.0002494988504381769
16,18,16167,16193,26,3.0977660000000004e-05,3.094835961538462e-05,2.387016106980686e-07
16,19,16193,16219,26,3.1440345e-05,3.144641230769231e-05,1.005267556924982e-07
16,20,16219,16246,27,3.167606e-05,3.1752693333333336e-05,2.1363131562300334e-07
16,21,16246,16272,26,7.7167225e-05,0.00044233223192307697,0.00043032238554976916
16,22,16272,16298,26,0.00096033795,0.0009566850807692308,6.868391671665172e-06
16,23,16298,16324,26,0.00096054555,0.0009605708615384614,4.021750824979669e-07
16,24,16324,16350,26,0.0009604111,0.0009603576653846156,3.530802250767344e-07
17,0,17366,17396,30,3.0930705e-05,3.0927543e-05,5.96625286730848e-08
17,1,17335,17366,31,3.08355e-05,3.0840427419354836e-05,5.926535619527817e-08
17,2,17304,17335,31,3.094321e-05,3.094897967741935e-05,8.990000005324461e-08
17,3,17273,17304,31,3.134789e-05,3.131797161290322e-05,1.7836853310106067e-07
17,4,17243,17273,30,3.1674285e-05,3.1667326333333335e-05,1.0305660675839974e-07
17,5,17212,17243,31,3.19301e-05,3.19207164516129e-05,8.029045564731888e-08
17,6,17181,17212,31,3.221781e-05,3.221469838709678e-05,9.696252628644858e-08
17,7,17150,17181,31,3.209086e-05,3.201810161290322e-05,3.913996600711992e-07
17,8,17120,17150,30,3.13381e-05,3.133629866666667e-05,5.789573770917011e-08
17,9,17089,17120,31,3.123271e-05,3.1239697419354835e-05,7.416096016567717e-08
17,10,17058,17089,31,3.131579e-05,3.131405677419355e-05,1.0375195582725798e-07
17,11,17027,17058,31,3.107063e-05,3.106916322580645e-05,5.622724218550747e-08
17,12,16997,17027,30,3.125336e-05,3.169276966666667e-05,7.819136820454606e-07
17,13,16966,16997,31,3.351959e-05,3.3488119032258065e-05,1.4418588343847782e-07
17,14,16935,16966,31,3.258398e-05,3.269397806451614e-05,4.3832579968240695e-07
17,15,16904,16935,31,3.238871e-05,3.2369103225806444e-05,1.2073550418265332e-07
17,16,16874,16904,30,3.2850909999999995e-05,3.2824029e-05,1.154000380228127e-07
17,17,16843,16874,31,3.273894e-05,3.272688677419354e-05,7.62615392595727e-08
17,18,16812,16843,31,3.231085e-05,3.228345580645161e-05,2.8598092639730265e-07
17,19,16781,16812,31,3.163967e-05,3.1646075483870966e-05,1.0045132985643924e-07
17,20,16751,16781,30,3.143142e-05,3.141533666666667e-05,8.435755351807911e-08
17,21,16720,16751,31,3.111039e-05,3.1075528387096775e-05,1.6463315164321912e-07
17,22,16689,16720,31,3.071473e-05,0.00022947892161290324,0.00025839153542292124
17,23,16658,16689,31,0.0008778779,0.0008840698741935483,3.222884742101518e-05
17,24,16627,16658,31,0.0009595578,0.000958478629032258,3.1893715774168593e-06
18,0,17695,17726,31,3.046938e-05,3.0497309677419355e-05,2.0183077791258495e-07
18,1,17726,17757,31,3.1228e-05,3.119635516129033e-05,1.9477185677791294e-07
18,2,17757,17788,31,3.165861e-05,3.1714485483870974e-05,1.869849576982359e-07
18,3,17788,17819,31,3.213726e-05,3.212104387096774e-05,7.009592384621488e-08
18,4,17819,17849,30,3.2152735000000004e-05,3.214292066666667e-05,7.392028435791863e-08
18,5,17849,17880,31,3.219467e-05,3.2185357741935485e-05,9.073586621332154e-08
18,6,17880,17911,31,3.191469e-05,3.191204193548387e-05,7.267891420795666e-08
18,7,17911,17942,31,3.228588e-05,3.228754741935484e-05,1.8587264837166075e-07
18,8,17942,17972,30,3.260079e-05,3.260693133333333e-05,6.965070761704839e-08
18,9,17972,18003,31,3.269681e-05,3.2700031612903215e-05,6.033425828834703e-08
18,10,18003,18034,31,3.272656e-05,3.274018774193549e-05,6.446955519091205e-08
18,11,18034,18065,31,3.278268e-05,3.277909870967742e-05,6.459672586039855e-08
18,12,18065,18095,30,3.280054e-05,3.278916633333334e-05,6.044894912146058e-08
18,13,18095,18126,31,3.279191e-05,3.27863264516129e-05,5.807718337991629e-08
18,14,18126,18157,31,3.279173e-05,3.2788906451612906e-05,5.7554248942019136e-08
18,15,18157,18188,31,3.27893e-05,3.2784412903225815e-05,5.894502967875499e-08
18,16,18188,18218,30,3.2804275000000005e-05,3.279658733333333e-05,6.145895714124123e-08
18,17,18218,18249,31,3.277967e-05,3.280121774193548e-05,6.2163599592173e-08
18,18,18249,18280,31,3.282853e-05,3.281352967741935e-05,6.13464721221309e-08
18,19,18280,18311,31,3.284206e-05,3.282083677419354e-05,6.452260956000532e-08
18,20,18311,18341,30,3.283332e-05,3.283293533333334e-05,6.283272946128905e-08
18,21,18341,18372,31,3.287906e-05,3.286712354838709e-05,6.275663005962954e-08
18,22,18372,18403,31,3.309428e-05,3.376916580645161e-05,1.4481336393280083e-06
18,23,18403,18434,31,0.0009623229,0.0007847012948387098,0.0003566812891630125
18,24,18434,18464,30,0.00096232755,0.00096232105,3.00997797057269e-07
19,0,19485,19515,30,3.2485485e-05,3.2486485e-05,5.9400882695461225e-08
19,1,19455,19485,30,3.2522345e-05,3.2511869333333335e-05,5.963388728641489e-08
19,2,19425,19455,30,3.2532815e-05,3.252328366666667e-05,6.238597510569943e-08
19,3,19395,19425,30,3.255634e-05,3.2540794e-05,6.199397559978477e-08
19,4,19364,19395,31,3.251959e-05,3.253976129032257e-05,6.349807036651214e-08
19,5,19334,19364,30,3.25714e-05,3.255659333333334e-05,6.232650374350373e-08
19,6,19304,19334,30,3.2577315e-05,3.257021066666666e-05,6.324686785042287e-08
19,7,19274,19304,30,3.2588619999999996e-05,3.2579331333333336e-05,6.025984360712841e-08
19,8,19244,19274,30,3.260037e-05,3.2594589999999994e-05,5.9114137451769036e-08
19,9,19213,19244,31,3.261211e-05,3.260376225806452e-05,5.7910039505653e-08
19,10,19183,19213,30,3.259458e-05,3.2578970000000006e-05,6.38644818867785e-08
19,11,19153,19183,30,3.257161e-05,3.2566819999999996e-05,6.109107981803325e-08
19,12,19123,19153,30,3.2578005000000006e-05,3.257331566666667e-05,6.142624122654928e-08
19,13,19093,19123,30,3.2638855e-05,3.262181966666667e-05,6.616567763240677e-08
19,14,19062,19093,31,3.265822e-05,3.265505967741935e-05,6.188060478278377e-08
19,15,19032,19062,30,3.2673465e-05,3.267637533333333e-05,6.40606807505367e-08
19,16,19002,19032,30,3.26489e-05,3.2642300000000004e-05,6.275712990038133e-08
19,17,18972,19002,30,3.2619635000000004e-05,3.261772466666667e-05,5.869289853314569e-08
19,18,18942,18972,30,3.259713e-05,3.2581943666666664e-05,6.278359862699486e-08
19,19,18911,18942,31,3.253755e-05,3.2526302903225804e-05,6.58158199530124e-08
19,20,18881,18911,30,3.2412485e-05,3.2416059000000004e-05,7.410124863320428e-08
19,21,18851,18881,30,3.2162665e-05,3.2157756e-05,1.3124942348063893e-07
19,22,18821,18851,30,3.167298e-05,7.692326933333334e-05,9.195610986593297e-05
19,23,18791,18821,30,0.0008857048,0.0008256412300000002,0.00014579887054231056
19,24,18760,18791,31,0.0009611136,0.0009610613774193549,5.655592999396075e-07
20,0,19809,19840,31,5.399788e-05,5.445515419354839e-05,8.233782535568768e-06
20,1,19840,19870,30,4.1746265e-05,4.561945333333333e-05,1.303371903703808e-05
20,2,19870,19900,30,3.268052e-05,3.265220933333333e-05,2.2387697422071352e-07
20,3,19900,19930,30,3.333027e-05,3.331786600000001e-05,2.128068183212184e-07
20,4,19930,19960,30,3.384905e-05,3.3839012666666665e-05,1.1638566354820343e-07
20,5,19960,19991,31,3.408014e-05,3.408676580645162e-05,7.747190420067585e-08
20,6,19991,20021,30,3.4012260000000004e-05,3.4010136666666666e-05,1.3952291220042967e-07
20,7,20021,20051,30,3.357364e-05,3.3584875e-05,1.0006116581871306e-07
20,8,20051,20081,30,3.340749e-05,3.340811833333333e-05,9.324072114991162e-08
20,9,20081,20111,30,3.3193400000000006e-05,3.3194878666666676e-05,8.448448949297612e-08
20,10,20111,20142,31,3.304176e-05,3.303436806451613e-05,7.048502835397265e-08
20,11,20142,20172,30,3.2986870000000006e-05,3.298723366666667e-05,5.9566144270232764e-08
20,12,20172,20202,30,3.301929e-05,3.3014063333333335e-05,6.604293630325325e-08
20,13,20202,20232,30,3.312523e-05,3.311823733333334e-05,7.751684431714779e-08
20,14,20232,20262,30,3.3285815e-05,3.3294250999999997e-05,8.721145564469535e-08
20,15,20262,20293,31,3.362391e-05,3.3628940645161295e-05,1.68963033004751e-07
20,16,20293,20323,30,3.4241525e-05,3.422580333333333e-05,2.1731108165229137e-07
20,17,20323,20353,30,3.5017615e-05,3.4986928666666665e-05,2.446305531985374e-07
20,18,20353,20383,30,3.6240059999999996e-05,3.616092433333333e-05,4.0018693150979093e-07
20,19,20383,20413,30,3.75091e-05,3.760219433333334e-05,4.3163101823728526e-07
20,20,20413,20444,31,3.998547e-05,4.0534961612903226e-05,1.3803215221031914e-06
20,21,20444,20474,30,5.1086775e-05,5.0773181333333335e-05,4.486600772878976e-06
20,22,20474,20504,30,6.1392925e-05,6.382655033333333e-05,4.927944573362194e-06
20,23,20504,20534,30,0.0009637723,0.0006710564013333333,0.0004143481952824427
20,24,20534,20564,30,0.0009633809,0.0009634193066666668,4.956663144585054e-07
21,0,21615,21646,31,0.000881089,0.0008800052387096774,4.638974968861922e-06
21,1,21584,21615,31,0.0008783017,0.0008782173645161289,6.124623221567202e-06
21,2,21553,21584,31,0.0007194452,0.0007321066322580646,4.034317584230113e-05
21,3,21521,21553,32,0.0007798769,0.000779152134375,1.2078408816991622e-05
21,4,21490,21521,31,0.0008236484,0.0008204601870967742,6.854574938834028e-06
21,5,21459,21490,31,0.0008311712,0.0008318366483870967,3.953860712695957e-06
21,6,21427,21459,32,0.0008379107,0.0008378414375,2.1378092017223505e-06
21,7,21396,21427,31,0.0008124839,0.0008058697387096775,2.6049781034825848e-05
21,8,21365,21396,31,0.0008113155,0.0008079874677419354,8.866664089628882e-06
21,9,21333,21365,32,0.0007991364999999999,0.000797183534375,5.953303889732653e-06
21,10,21302,21333,31,0.0007691805,0.0007702715516129035,9.492061622282431e-06
21,11,21271,21302,31,0.0007480332,0.0007482298290322581,5.407296434847877e-06
21,12,21239,21271,32,0.0007466549,0.0007487540875,5.3719980697217086e-06
21,13,21208,21239,31,0.0007707629,0.0007705076838709678,5.770653508868585e-06
21,14,21177,21208,31,0.0007886618,0.0007885224741935483,4.0592997153861515e-06
21,15,21145,21177,32,0.0007701524,0.0007700281031249999,1.276931652430163e-05
21,16,21114,21145,31,0.0008142717,0.0008048811225806451,2.168407275086888e-05
21,17,21083,21114,31,0.0008413214,0.000841578358064516,4.968752178511956e-06
21,18,21051,21083,32,0.00085927325,0.00085434601875,8.604028730827109e-06
21,19,21020,21051,31,0.0008683043,0.0008691253516129032,3.951236833870651e-06
21,20,20989,21020,31,0.0008792494,0.0008788275032258065,2.325183774004291e-06
21,21,20957,20989,32,0.000859196,0.0008560677531249999,1.632840799479133e-05
21,22,20926,20957,31,0.0008412867,0.0008410004451612905,2.206856117910782e-05
21,23,20895,20926,31,0.0007843118,0.000765633958064516,7.85423721441091e-05
21,24,20863,20895,32,0.0009619400999999999,0.00095468266875,1.4086596965809332e-05
22,0,21951,21983,32,0.00089681275,0.000895954115625,2.612856558217139e-06
22,1,21983,22014,31,0.000899435,0.0008997325806451613,1.3094443112028602e-06
22,2,22014,22045,31,0.000902181,0.0009020489129032257,7.471414771850571e-07
22,3,22045,22077,32,0.0009026857,0.00090265166875,7.425529317990936e-07
22,4,22077,22108,31,0.0009022235,0.0009019412548387097,1.199467678123794e-06
22,5,22108,22139,31,0.0009025432,0.0009024312290322581,5.7343624793646e-07
22,6,22139,22171,32,0.00089687195,0.00088081124375,2.588891031594099e-05
22,7,22171,22202,31,0.0008908656,0.0008837374774193546,1.7019837975930014e-05
22,8,22202,22233,31,0.0008978582,0.0008976036838709678,1.9559783998571208e-06
22,9,22233,22265,32,0.0009015533499999999,0.0009016144375,6.696214451790997e-07
22,10,22265,22296,31,0.0009002148,0.0009002789193548387,5.174911589828245e-07
22,11,22296,22327,31,0.0009003034,0.0009005058612903227,7.018163805796703e-07
22,12,22327,22359,32,0.0009037145000000001,0.0009040013000000001,1.2821065609963973e-06
22,13,22359,22390,31,0.0009051978,0.0009048591225806451,1.2401079562032094e-06
22,14,22390,22421,31,0.0009049472,0.000903712864516129,1.8012300557958123e-06
22,15,22421,22453,32,0.00090045155,0.00090040011875,2.0857731740049038e-06
22,16,22453,22484,31,0.0009003211,0.0008990175129032258,3.3407749350906974e-06
22,17,22484,22515,31,0.0008937492,0.0008947610419354838,2.4776070493163446e-06
22,18,22515,22547,32,0.00089030035,0.0008917514687500001,3.688088076703621e-06
22,19,22547,22578,31,0.0008901766,0.000891523093548387,2.9153048499848926e-06
22,20,22578,22609,31,0.0009008485,0.0009005198516129033,1.6370079657462732e-06
22,21,22609,22641,32,0.0008989479500000001,0.000898867196875,1.0587240753863748e-06
22,22,22641,22672,31,0.0008348032,0.000847661677419355,2.834649499911146e-05
22,23,22672,22703,31,0.000883356,0.0008850454645161291,5.223682845724194e-05
22,24,22703,22734,31,0.000960591,0.0009605509419354839,3.969290655521771e-07
23,0,23775,23805,30,0.0008983143,0.0008990625999999998,3.198574798666853e-06
23,1,23744,23775,31,0.0008907522,0.0008899539451612905,2.4310912592627382e-06
23,2,23713,23744,31,0.0008911458,0.0008913212193548385,1.297501266434669e-06
23,3,23682,23713,31,0.0008975301,0.0008974241354838709,1.2448149676074746e-06
23,4,23652,23682,30,0.0009014551500000001,0.0009016235466666667,1.1927896687271567e-06
23,5,23621,23652,31,0.0008942948,0.0008957601000000001,3.5731157406567517e-06
23,6,23590,23621,31,0.0008979369,0.0008976820096774193,1.0450043473763026e-06
23,7,23559,23590,31,0.0008974352,0.0008966437999999999,2.5686334754043386e-06
23,8,23529,23559,30,0.0008998087,0.0008999753233333333,2.033892890605485e-06
23,9,23498,23529,31,0.0009001844,0.0009000959612903226,1.7246392003560533e-06
23,10,23467,23498,31,0.0008999221,0.0008998681903225808,9.821796170909463e-07
23,11,23436,23467,31,0.000901499,0.0009015240838709678,2.0126692688737756e-06
23,12,23406,23436,30,0.0009042596999999999,0.0009045794833333332,7.61046318381628e-07
23,13,23375,23406,31,0.0009027763,0.0009020144870967742,2.335021155080236e-06
23,14,23344,23375,31,0.0009029513,0.0009019788548387098,3.3713104509478437e-06
23,15,23313,23344,31,0.0009061377,0.0009059658548387097,5.953539412650391e-07
23,16,23283,23313,30,0.0009022283,0.0009023803266666665,2.5244157671209644e-06
23,17,23252,23283,31,0.0008925621,0.0008920543612903226,5.662237917693495e-06
23,18,23221,23252,31,0.0008747698,0.0008743066129032259,2.6389313506383467e-06
23,19,23190,23221,31,0.0008878297,0.0008868345870967743,5.74931044767148e-06
23,20,23160,23190,30,0.0008983723,0.0008980612233333334,2.370789662915896e-06
23,21,23129,23160,31,0.0009022528,0.0009007399935483872,3.6927158100985516e-06
23,22,23098,23129,31,0.0008796604,0.000869674112903226,1.9659950807419532e-05
23,23,23067,23098,31,0.0009208471,0.0008985344290322581,6.0566482328963454e-05
23,24,23036,23067,31,0.0009606226,0.0009605971064516128,3.5229859396997076e-07
24,0,24104,24135,31,0.000904316,0.0009038962870967743,1.0895857137350195e-06
24,1,24135,24166,31,0.0009021705,0.0009023375741935483,6.71963349599511e-07
24,2,24166,24197,31,0.0008984894,0.0008986800645161291,2.1121025287534467e-06
24,3,24197,24228,31,0.0008956739,0.0008954319838709675,1.2466010019757527e-06
24,4,24228,24258,30,0.00090100215,0.0009005155900000001,1.799589844075588e-06
24,5,24258,24289,31,0.0008999113,0.0008999043548387097,8.142449206864491e-07
24,6,24289,24320,31,0.0008989911,0.0008999237838709678,1.892050508276381e-06
24,7,24320,24351,31,0.0009021673,0.0009024421870967742,8.216554472691421e-07
24,8,24351,24381,30,0.0009034463,0.0009033030733333333,9.758897881534695e-07
24,9,24381,24412,31,0.0009020744,0.0009017619161290322,1.9625582749674193e-06
24,10,24412,24443,31,0.000901418,0.0009015710193548388,1.2432792677793388e-06
24,11,24443,24474,31,0.0009036909,0.0009036921032258064,4.7157400369118767e-07
24,12,24474,24504,30,0.00090547565,0.0009053393566666667,7.76001203471291e-07
24,13,24504,24535,31,0.0009051595,0.0009051167096774192,1.011003775990788e-06
24,14,24535,24566,31,0.0009059473,0.0009056606838709675,7.392369671565584e-07
24,15,24566,24597,31,0.0009033459,0.0009032155258064516,1.0591547798698378e-06
24,16,24597,24627,30,0.00090462565,0.0009040002600000002,1.817636582048246e-06
24,17,24627,24658,31,0.000902969,0.0009028859548387097,8.235319747552801e-07
24,18,24658,24689,31,0.0009013721,0.0009010305419354838,2.200404964747751e-06
24,19,24689,24720,31,0.0008943754,0.0008944518193548386,1.498443053352896e-06
24,20,24720,24750,30,0.000892257,0.0008926566499999999,1.4298226015255676e-06
24,21,24750,24781,31,0.0009020534,0.0009017766741935483,1.1166287582944318e-06
24,22,24781,24812,31,0.0008990882,0.0008980690096774194,2.7716971774446685e-06
24,23,24812,24843,31,0.0008806668,0.0008770783451612903,1.5438446630803054e-05
24,24,24843,24873,30,0.00095947005,0.0009526857533333334,1.1836940103780573e-05
