40.19025,41.80932,44.725945,44.854725,39.52544,34.08518,32.33709,31.502345,31.43805,31.64094,31.84244,32.47357,32.377195,31.62057,31.528085,31.405445,31.085025,30.46893,30.337,30.34126,31.483305,33.28655,33.812545,33.846665,33.87003,33.698285,33.48309,33.484705,33.502855,33.488815,33.51094,33.51509,33.54765,33.53349,33.53951,33.54099,33.56031,33.57166,33.58258,33.57192,33.594305,33.608885,33.59833,33.61431,33.6261,33.62424,33.62689,33.64822,33.6689,33.696455,33.704755,33.695595,33.67738,33.68753,33.720975,33.73838,33.75037,33.758375,33.76876,33.79429,33.81019,33.803835,33.83438,33.827155,33.83626,33.83393,33.84778,33.897465,33.929905,33.96229,34.01898,34.11712,34.22823,34.41782,34.307005,34.17224,34.021735,33.97846,33.92282,33.928845,33.90385,33.886605,33.89398,33.929535,34.06426,34.900845,47.80829,452.9386,561.7431,574.2459,568.19195,564.2864,597.98685,620.1772,626.50245,626.7163,626.5811,626.1311,626.1717,626.13355
33.81568,33.778835,34.343865,34.0267,33.52341,33.40538,33.373275,33.357185,33.341315,33.37782,33.374735,33.37458,33.393415,33.37351,33.38036,33.376335,33.386305,33.393285,33.41427,33.27736,33.04298,32.87276,32.81032,32.8031,32.797,32.87232,33.05174,33.32201,33.42865,33.45903,33.465615,33.48591,33.511205,33.515625,33.494365,33.48563,33.47338,33.483625,33.50282,33.485045,33.47481,33.46007,33.44665,33.449,33.470345,33.4886,33.51019,33.51992,33.534055,33.53642,33.53906,33.55026,33.552925,33.559995,33.59798,33.599665,33.618445,33.624215,33.61944,33.60926,33.61696,33.6468,33.656465,33.66184,33.67018,33.679055,33.662875,33.674925,33.65721,33.67173,33.679535,33.66153,33.67474,33.648205,33.662335,33.667105,33.63524,33.64099,33.64193,33.65115,33.639525,33.62822,33.61877,33.606865,33.68908,35.079515,131.7325,423.0176,548.3549,571.89735,569.1748,562.874,587.74095,615.95635,625.58695,625.7166,625.824,625.69585,625.85715,625.7032
33.97971,33.517905,33.461635,33.429735,33.44793,33.43312,33.4452,33.448535,33.43026,33.440585,33.428525,33.45136,33.456175,33.49557,33.54205,33.486375,33.390875,33.31223,33.135685,33.089705,33.11604,33.19167,33.18654,33.19626,33.25091,33.32596,33.34183,33.367445,33.382055,33.373555,33.38815,33.397985,33.402585,33.411,33.40051,33.42166,33.44649,33.445715,33.435845,33.47786,33.478835,33.49283,33.499185,33.51387,33.539425,33.517365,33.52103,33.52221,33.535115,33.53372,33.524065,33.524575,33.52271,33.533105,33.514305,33.52511,33.55734,33.578445,33.601215,33.597235,33.588,33.59463,33.59492,33.592315,33.612495,33.60999,33.60989,33.631065,33.63577,33.63997,33.660495,33.66994,33.65208,33.5894,33.63756,33.77578,33.8454,33.862465,33.86971,33.850095,33.85885,33.85229,33.86122,33.88233,34.016905,34.76393,48.94076,457.2004,559.5055,574.45345,567.1857,562.5609,595.222,618.84765,626.0857,626.0723,626.0913,625.60735,625.86665,625.70005
33.273295,33.20282,33.03837,32.935255,32.9265,32.93502,32.878935,32.846045,32.93327,33.120145,33.080475,33.096405,33.21205,33.30268,33.36559,33.388725,33.39803,33.376765,33.32642,33.329965,33.336535,33.321765,33.34457,33.366825,33.36909,33.344745,33.41326,33.451435,33.50027,33.456575,33.47528,33.50114,33.47805,33.495825,33.523895,33.51355,33.52665,33.504915,33.53226,33.537165,33.53682,33.546575,33.543585,33.569825,33.66215,33.66435,33.235515,32.821775,32.80653,32.41094,30.514725,29.265935,29.12967,29.118235,29.11137,29.1029,29.090295,29.108915,29.124975,29.13796,29.153465,29.148455,29.1741,29.206195,29.15671,29.151475,29.42167,30.94704,32.26085,32.39546,32.470145,32.332815,31.904015,32.35205,31.62434,32.07333,32.411,31.797735,31.81048,31.82043,31.817545,31.79346,31.77414,31.820665,31.93995,34.020855,157.9031,449.87935,552.0261,571.622,567.5303,560.0581,586.93195,615.101,624.40245,624.60395,624.60365,624.7049,624.7801,624.7703
33.39266,33.2492,33.24185,33.242985,33.26391,33.25601,33.274105,33.281905,33.288005,33.29359,33.29404,33.29325,33.28662,33.297395,33.30136,33.312805,33.311505,33.301535,33.291395,33.347385,33.341775,33.327725,33.33055,33.33707,33.335905,33.2555,33.27977,33.31126,33.37027,33.369445,33.37943,33.391785,33.382415,33.40938,33.42939,33.41639,33.41926,33.421605,33.444775,33.4428,33.462445,33.48048,33.47864,33.488725,33.476705,33.493145,33.498255,33.51789,33.539445,33.49151,33.44699,33.47215,33.5107,33.55411,33.59872,33.66479,33.68323,33.684025,33.59083,33.49516,33.486165,33.460385,33.47928,33.499835,33.52869,33.535355,33.50374,33.54637,33.54273,33.532555,33.534735,33.518865,33.504305,33.437915,33.25125,33.20622,33.32837,33.47993,33.464805,33.46927,33.475185,33.479615,33.47877,33.52146,33.641455,34.34876,47.850475,459.43515,560.8352,569.78955,567.36375,564.81115,596.4795,618.5916,625.88715,625.69045,625.5802,625.65545,625.54975,625.2168
33.03009,33.015045,33.015015,33.02845,33.025245,33.02656,33.01911,33.0168,33.078695,33.060815,33.058445,33.065645,33.079455,33.09414,33.1056,33.10456,33.10353,33.12833,33.165525,33.21332,33.227585,33.24809,33.26383,33.28574,33.28731,33.278645,33.27265,33.278275,33.27593,33.29359,33.30741,33.34471,33.35049,33.26524,33.206255,33.41243,33.50189,33.508065,33.52471,33.529205,33.544165,33.572725,33.57804,33.58719,33.59256,33.63386,33.639435,33.47959,33.39581,33.422305,33.45321,33.440855,33.446025,33.456035,33.44392,33.435965,33.46646,33.47087,33.47286,33.456455,33.457675,33.511825,33.508135,33.50513,33.54608,33.567,33.619785,33.61617,33.63062,33.64782,33.498795,33.38859,33.514225,33.371025,33.308715,33.283785,33.252615,33.24698,33.25837,33.250415,33.245925,33.237875,33.206615,33.175865,33.27274,35.01026,154.20145,443.78605,554.17675,567.0441,565.18165,562.16665,591.1452,616.75485,624.6453,624.56485,624.9035,624.9075,624.78985,625.16695
33.33301,32.86551,32.815675,32.808415,32.81396,32.767485,32.77009,32.89017,32.89698,32.926315,32.93627,32.953525,32.9812,32.98376,32.97994,33.011835,32.996335,33.00847,33.040045,33.05005,33.05126,33.07471,33.073245,33.084695,33.091135,33.10309,33.10251,33.1127,33.15373,33.19357,33.71345,33.77477,33.837555,33.86716,33.872955,33.88383,33.869895,33.848725,33.848125,33.846995,33.85616,33.885075,33.87727,33.92734,33.93303,33.943015,33.95514,33.93993,33.96146,34.0082,33.98913,33.99073,33.999945,34.00847,34.00973,34.01694,34.01271,33.94347,33.873625,33.93012,33.928965,34.020385,34.031275,34.036075,34.03116,34.05132,34.038155,34.05522,34.046835,34.06327,34.063905,34.06699,34.079115,34.084005,34.084975,34.092025,34.06727,33.97837,33.92213,33.965385,34.071885,34.124365,34.118125,34.127365,34.151035,34.30107,34.90328,45.50938,446.5534,560.95625,573.8427,567.77885,564.0512,595.6191,618.4939,625.81905,625.85235,625.68025,625.4371,625.5332
33.45269,33.346805,33.349,33.33947,33.34246,33.331845,33.35619,33.351745,33.360065,33.34853,33.3264,33.331995,33.35033,33.33076,33.331115,33.3576,33.32264,33.319665,33.37177,33.327515,33.338255,33.42913,33.473415,33.47604,33.47831,33.48797,33.499465,33.50091,33.54269,33.5391,33.49894,33.42652,33.43053,33.449545,33.42704,33.45537,33.485365,33.48431,33.511185,33.51485,33.49728,33.52821,33.529485,33.67564,33.711285,33.748295,33.77867,33.81299,33.830365,33.83517,33.84486,33.841745,33.843065,33.84229,33.851995,33.83987,33.85263,33.827035,33.82677,33.81403,33.802,33.78058,33.78567,33.78609,33.773635,33.75253,33.72584,33.73203,33.73475,33.728675,33.658145,33.57206,33.475525,33.456105,33.533055,33.76028,33.861335,33.891725,33.89619,33.88969,33.89663,33.89098,33.85994,33.85308,33.84381,33.917295,35.14951,132.9434,428.79945,552.5684,575.2298,564.2574,565.4031,594.2109,617.2902,624.7396,624.6793,624.93355,624.87495,625.1686
33.451385,33.344495,33.359775,33.35961,33.381435,33.36869,33.37358,33.34856,33.34342,33.36425,33.37428,33.37995,33.3751,33.411795,33.404295,33.40168,33.40202,33.38869,33.40915,33.426355,33.43754,33.45605,33.441085,33.460695,33.47292,33.4325,33.405585,33.455525,33.45764,33.46839,33.489535,33.48873,33.52319,33.505875,33.48013,33.535815,33.571455,33.59258,33.58221,33.598145,33.56,33.60258,33.613455,33.61392,33.602285,33.617045,33.62256,33.63569,33.64326,33.66296,33.653785,33.65361,33.665405,33.66782,33.66086,33.68557,33.69233,33.70578,33.734825,33.74661,33.73267,33.716,33.75428,33.712915,33.707245,33.74163,33.72961,33.73709,33.75097,33.75371,33.76229,33.75981,33.768625,33.76993,33.76924,33.783985,33.78561,33.778555,33.77492,33.787835,33.79568,33.80109,33.79974,33.81115,33.81544,33.92658,34.42941,43.84062,438.3009,560.5338,574.2856,555.92535,566.37655,600.2397,619.66455,625.37545,625.2129,625.14055,625.01025,624.9026
33.69491,33.523315,33.45145,33.37731,33.32258,33.30452,33.34182,33.364465,33.375775,33.37208,33.41273,33.411,33.426295,33.43064,33.399145,33.405105,33.380035,33.42968,33.438325,33.43094,33.455855,33.457015,33.4729,33.45164,33.48402,33.48311,33.474595,33.4804,33.485135,33.482,33.48897,33.498295,33.509315,33.50134,33.50731,33.52364,33.513665,33.51785,33.52983,33.530045,33.527675,33.53297,33.533775,33.578075,33.60132,33.60451,33.58586,33.58292,33.65721,33.6051,33.620305,33.773205,33.76971,33.76024,33.61653,33.58093,33.592775,33.5922,33.58532,33.582335,33.592725,33.600105,33.60905,33.610355,33.60535,33.614905,33.61549,33.629165,33.6331,33.649515,33.62909,33.631185,33.636585,33.629355,33.614555,33.63091,33.65556,33.631005,33.628055,33.60682,33.625035,33.61214,33.60892,33.586465,33.5827,33.65285,34.24686,50.218495,375.78,537.18705,567.3268,546.0252,559.3207,589.1558,615.8978,624.0801,624.14965,624.22965,624.15505,624.16075
33.72553,33.39225,33.373835,33.36773,33.366925,33.3595,33.352455,33.355565,33.3789,33.38026,33.392485,33.38266,33.39382,33.38948,33.402395,33.41387,33.42201,33.43075,33.43568,33.447805,33.445095,33.46637,33.48993,33.513095,33.51055,33.522435,33.534995,33.50484,33.537525,33.53833,33.550055,33.569495,33.58383,33.56942,33.5873,33.592975,33.59591,33.610235,33.61088,33.621215,33.62975,33.63676,33.64522,33.670315,33.67773,33.66364,33.68268,33.697075,33.68978,33.69834,33.7012,33.674165,33.639395,33.635695,33.6264,33.65703,33.71571,33.75597,33.81898,33.874425,33.87123,33.89063,33.88498,33.88557,33.883895,33.89322,33.86382,33.89985,33.854475,33.77914,33.7385,33.73707,33.73546,33.756785,33.768135,33.777545,33.798405,33.79671,33.77116,33.776575,33.803865,33.80691,33.80385,33.81149,33.821025,33.91146,34.1984,39.10511,384.1409,542.7788,571.79595,559.97285,561.6286,595.8809,618.5846,625.1795,624.96655,625.10175,625.14105,624.8453
33.36492,33.26336,33.26264,33.2596,33.239,33.264295,33.277865,33.270705,33.29035,33.270445,33.274515,33.28828,33.29404,33.325745,33.3285,33.32758,33.3311,33.341765,33.343445,33.34484,33.35008,33.34191,33.348295,33.3564,33.38099,33.399015,33.374375,33.379725,33.3901,33.39214,33.38136,33.38306,33.40805,33.404815,33.40351,33.410275,33.42374,33.402485,33.437035,33.41677,33.40157,33.37849,33.375215,33.45479,33.44374,33.481475,33.475635,33.474125,33.49848,33.49966,33.511205,33.512615,33.50806,33.51675,33.50815,33.523435,33.51564,33.527295,33.50996,33.518005,33.51348,33.51657,33.519275,33.53764,33.52917,33.55947,33.565915,33.56925,33.57478,33.570655,33.58121,33.59156,33.57839,33.59986,33.58084,33.590575,33.57337,33.578895,33.579755,33.56478,33.5535,33.55259,33.54414,33.525905,33.50835,33.533925,33.891125,44.083645,330.2564,523.30505,569.97535,562.1055,552.4913,583.51135,614.70645,624.1124,624.1747,624.16125,623.99705,624.13785
33.686315,33.30802,33.271835,33.28517,33.26866,33.27536,33.28193,33.27668,33.280685,33.309705,33.306625,33.36703,33.715445,34.229505,34.6822,34.82576,34.778725,34.72456,34.65113,34.63803,34.61563,34.55169,34.558265,34.57096,34.55415,34.518005,34.42041,34.37767,34.315995,34.054525,33.68361,33.52362,33.492905,33.49505,33.49723,33.51876,33.533535,33.53008,33.53156,33.53803,33.552565,33.57588,33.58345,33.58175,33.58402,33.61115,33.64347,33.626425,33.63754,33.75548,33.92389,34.011485,33.982605,33.95888,33.96014,33.95055,33.927435,33.8966,33.855545,33.88296,33.902315,33.87479,33.887735,33.872805,33.85084,33.86613,33.833325,33.82738,33.79728,33.79015,33.78986,33.78768,33.772705,33.78146,33.779995,33.751695,33.78593,33.78734,33.80255,33.797635,33.8153,33.81381,33.812695,33.821885,33.83439,33.847975,33.98602,34.79033,50.59548,474.2347,563.9535,568.4838,552.3588,571.0342,608.4096,624.36275,624.8066,624.7546,624.8647,624.8707
33.33538,33.34015,33.316235,33.32294,33.34265,33.329625,33.33839,33.33087,33.33607,33.35014,33.75165,37.17832,45.06432,51.60424,52.49548,52.51084,51.446085,50.62281,49.92429,49.24418,48.75182,48.12264,47.699865,48.19259,47.534495,46.30624,44.45304,43.86805,42.13004,37.54732,33.821555,33.49044,33.46754,33.46058,33.49058,33.49337,33.467475,33.47062,33.48316,33.4914,33.50411,33.511725,33.5177,33.53374,33.51789,33.52194,33.54334,33.867725,34.92176,36.52338,38.40752,38.30725,38.044835,37.8062,37.64511,37.23578,36.94619,36.62765,36.483075,36.68782,36.62144,36.565715,36.38585,36.192385,36.02907,35.88409,35.697105,35.52746,35.36368,35.12268,34.62477,34.07031,33.71267,33.62661,33.625615,33.62295,33.61443,33.62084,33.62786,33.6146,33.591295,33.58998,33.58887,33.57559,33.55863,33.56591,33.636535,35.5938,165.19115,451.6992,557.5474,564.1628,548.0578,560.8228,603.4028,622.0507,623.7216,623.9939,624.0167,624.0332
33.838315,33.5242,33.398245,33.42927,33.4686,33.484435,33.49603,33.49734,33.494755,33.52803,33.53661,33.61853,35.65455,52.66967,94.30242,126.3522,126.6888,125.1154,121.2682,117.92425,116.4332,115.7573,113.86285,112.0196,113.2683,112.43795,107.3375,103.12495,101.9679,75.89557,45.03684,33.80977,33.45933,33.480935,33.45545,33.4782,33.489285,33.50733,33.51698,33.52317,33.555,33.549945,33.58355,33.59994,33.6048,33.6173,33.61908,33.994105,39.13121,55.07396,76.60345,82.19892,80.905815,79.32269,78.14777,77.385455,72.67007,68.80538,66.28781,68.80709,70.07866,69.8683,68.16836,66.256745,64.57683,62.94424,60.66301,57.75691,55.58099,53.641565,49.85822,43.01053,35.25374,33.87565,33.79987,33.80151,33.8125,33.82205,33.86911,33.83067,33.85613,33.88411,33.976,34.02423,33.99905,34.00859,33.977835,34.48049,44.543475,447.0104,556.1691,564.45875,542.8013,554.8575,604.4916,623.6117,624.3897,624.182,623.9642,623.9887
33.547095,33.28649,33.21429,33.16943,33.16927,33.1565,33.143295,33.14031,33.13794,33.14265,33.15606,33.70136,46.56206,256.7538,373.7141,392.06835,394.0157,390.5394,375.28515,373.7896,367.2321,363.3354,366.2163,351.6549,358.8533,358.9227,346.9214,329.4074,321.36325,303.0352,70.76844,36.0699,33.71611,33.39778,33.380635,33.35395,33.39022,33.383945,33.3943,33.3984,33.40782,33.38695,33.38317,33.39186,33.35943,33.38202,33.39781,33.88964,41.91167,160.676,236.6252,241.0095,236.5516,230.68255,230.1999,219.549,210.8552,186.1208,185.7677,195.39405,198.4575,197.5343,191.96685,183.3964,178.378,170.1986,162.7897,153.7353,146.41795,139.8509,96.21944,53.94234,34.55412,33.52542,33.41915,33.400265,33.42723,33.44948,33.43642,33.42603,33.45932,33.42634,33.41827,33.52642,33.52301,33.51477,34.03149,36.55128,158.8897,433.6015,555.37835,562.595,542.9031,561.113,604.1997,622.3725,623.42485,623.7392,623.6549,623.6502
33.48965,33.37307,33.36715,33.388365,33.40038,33.34827,33.339435,33.36346,33.39385,33.426645,33.62957,35.61731,69.264695,496.2576,555.1335,558.7888,553.7256,548.1872,548.5748,554.8891,551.5777,551.0762,553.2699,551.2797,554.122,552.9002,550.3531,548.5462,533.0838,433.1698,162.0877,36.550285,33.80374,33.42041,33.43793,33.45932,33.49387,33.48355,33.50983,33.51134,33.538385,33.50068,33.58067,33.540885,33.59069,33.63326,33.85117,36.10551,67.03369,468.37595,518.9275,518.2964,514.9873,513.56815,498.5465,487.488,438.0015,435.6696,463.8225,476.48955,481.7891,478.9563,474.4245,467.7658,459.778,450.5728,434.9668,421.7615,409.7391,392.9121,328.4861,154.6198,37.02987,33.83797,33.514155,33.52379,33.54604,33.56121,33.59066,33.60743,33.62711,33.624415,33.66075,33.633,33.690495,33.91406,37.45969,52.41915,352.4417,535.1916,564.95545,542.1392,547.7597,594.05795,620.1909,622.8615,623.0796,622.7811,622.7262,622.78505
33.218865,33.12984,33.11777,33.10178,33.09756,33.103805,33.07712,33.07192,33.04851,33.04809,33.193635,36.70225,210.7031,480.0753,570.0245,579.7721,578.3081,572.8437,575.0966,578.735,577.6836,577.0508,578.0783,578.2928,578.22505,578.7152,578.4762,579.1705,570.3734,492.4722,63.3278,35.639,33.675225,33.46187,33.4412,33.44928,33.45581,33.463275,33.46637,33.43297,33.47561,33.47408,33.48916,33.45311,33.42641,33.39037,33.58472,38.82809,221.9194,480.3162,562.8397,573.16345,572.5975,568.2231,547.76805,532.6618,514.12545,510.4305,526.4728,546.58575,555.7882,558.6639,561.4667,557.1949,555.7623,557.6611,553.7428,553.07095,552.8735,550.3416,514.178,96.54868,37.97764,34.22112,33.61177,33.54169,33.53764,33.55417,33.510425,33.52968,33.50438,33.50274,33.45426,33.457745,33.48171,33.92636,44.55557,166.2262,309.062,498.2182,559.3923,549.77255,548.1562,584.9544,615.79815,622.2372,622.4077,622.267,622.3784,622.2646
33.56861,33.24639,33.188985,33.22692,33.21998,33.239345,33.21447,33.31583,33.335285,33.3341,33.352555,33.79845,42.39866,426.01225,559.8258,583.7997,584.85405,583.7463,582.8098,582.0892,581.9899,582.02455,582.3027,582.0775,581.9211,582.3593,581.5754,582.68245,578.8247,520.6202,269.2699,43.89325,33.880525,33.04177,33.02886,33.024795,33.07649,32.998595,33.02948,33.18098,33.188975,33.24103,33.33378,33.37343,33.40375,33.441975,33.56352,34.61927,51.18988,462.5608,565.7076,581.76495,582.4633,575.1918,554.68525,514.9181,520.733,523.3886,518.2569,538.0931,555.2414,567.2329,568.46765,569.5788,566.30125,567.4636,568.0926,564.19115,565.6764,568.9529,552.66385,429.2211,146.2614,35.75565,33.477,33.25445,33.27842,33.29546,33.340585,33.35773,33.4008,33.430745,33.46122,33.443085,33.51291,33.68672,36.47305,74.96736,474.4471,540.18365,560.9803,552.45185,541.0137,577.5191,610.5279,621.3882,621.4957,621.2622,621.2211,621.3404
32.56067,32.45701,32.449485,32.43946,32.43253,32.43016,32.412345,32.37403,32.37102,32.358415,32.44222,34.00327,141.7732,422.9519,560.0104,581.95225,583.1133,583.4098,582.2187,580.7482,579.57575,579.7354,581.0374,580.9611,581.4602,581.54295,580.7547,581.914,576.5642,515.7525,75.06819,35.90672,32.95777,32.66178,32.725055,33.22247,33.414415,33.47022,33.428275,33.46723,33.458635,33.44603,33.45599,33.447585,33.4364,33.49371,33.64898,37.1919,189.943,463.3507,565.5984,581.0782,581.33425,575.9931,537.34465,492.461,481.39015,493.306,495.7773,519.5825,544.0908,565.69595,568.9732,567.82535,567.3501,568.5463,568.659,569.3824,570.005,570.8233,564.26835,467.9778,53.25606,35.58048,33.82143,33.670785,33.65264,33.618695,33.57833,33.53542,33.48614,33.467285,33.43116,33.40563,33.45336,33.62866,38.873485,223.937,490.2855,564.3719,568.039,559.139,539.2387,561.58595,603.8978,620.2101,621.0034,621.1134,621.2569,621.1047
32.7658,32.52531,32.50129,32.50516,32.52486,32.96802,32.932935,32.17043,31.90837,32.211635,32.55175,33.8611,47.43696,459.68945,567.6551,583.6118,584.127,584.2242,582.2594,580.9682,579.3519,578.6269,579.05825,579.5546,581.4738,580.0851,580.0991,580.9742,570.1057,477.53235,193.2008,37.994015,33.78501,33.31314,33.330135,33.35647,33.39805,33.39467,33.436775,33.41084,33.48721,33.46623,33.50035,33.52802,33.54379,33.621435,33.86435,36.40952,71.82061,502.0813,569.3818,580.9153,580.9394,570.8286,520.87175,485.3149,481.6359,490.8841,485.2207,514.17875,555.0294,566.9813,568.4497,566.0027,566.6261,567.473,566.8407,568.8501,567.5011,566.4442,552.35965,424.4692,138.82945,35.74098,33.708795,33.52292,33.51451,33.529205,33.57409,33.58409,33.59494,33.60044,33.61022,33.62008,33.6688,33.90836,37.216815,84.73032,523.5009,572.3572,571.69025,557.9422,543.9802,577.5583,609.5979,620.96925,620.8061,620.97115,620.6626,620.6331
32.99914,32.61828,32.56155,32.52218,32.533435,32.71775,32.7249,32.69044,32.614725,32.60811,32.61458,32.87544,40.061355,275.9408,517.4957,577.0381,581.98415,582.8446,582.5125,581.6232,580.72625,579.5193,577.7084,576.9996,578.2022,577.76045,577.8592,578.2486,577.6296,539.2762,101.8655,38.76901,33.72001,33.185345,33.1477,33.13947,33.14538,33.118825,33.12646,33.12425,33.10317,33.047535,33.02675,33.06882,33.04555,33.08191,33.22259,36.14337,170.7011,442.4948,555.1745,577.767,580.1807,578.207,562.57815,524.5862,498.0935,502.2864,504.81985,501.0567,534.6718,562.039,564.6181,564.7381,566.9494,565.6945,568.116,569.0374,567.7955,566.716,564.124,499.6598,65.72465,36.17212,33.83367,33.57784,33.58669,33.53465,33.51686,33.488965,33.41666,33.41681,33.38496,33.368635,33.37949,33.5348,37.9543,215.6631,483.2241,564.4793,570.6293,563.19745,544.2303,562.7917,603.3268,619.23125,620.4236,620.5078,620.2842,620.1548
32.70007,32.64038,32.61924,32.62202,32.61781,32.65663,32.62831,32.63473,32.658135,32.76589,32.99513,37.12879,97.910675,539.8149,580.611,582.7128,583.00665,583.0202,583.0291,580.8793,580.0189,578.5346,577.6145,577.8209,575.66095,576.0788,575.7087,569.406,500.7877,228.6026,40.45082,33.31762,32.67586,32.69568,32.69431,32.74343,32.75939,32.79414,32.77036,32.72622,32.76056,32.856035,32.87293,32.91503,32.97071,33.17169,35.43459,69.8917,502.3855,569.06705,578.4581,579.6693,577.3456,564.9253,537.6632,503.8502,511.663,522.2401,517.8376,541.7636,559.4719,562.0329,563.93865,567.779,567.7491,570.155,570.0938,568.0263,568.6599,562.6531,461.8323,180.82,36.37733,33.20484,32.8959,32.96392,33.04296,33.05278,33.00582,33.024825,32.99738,33.02102,33.03203,33.10048,33.37076,36.50029,81.5759,520.22315,570.6914,570.3089,556.8998,543.7783,576.5795,608.2389,619.8412,619.86885,619.6863,619.6917,619.5798,619.7267
32.63937,32.58044,32.54956,32.50215,32.42487,32.38795,32.35609,32.36216,32.43245,32.5238,32.88095,40.81849,286.8518,519.2088,577.4618,581.868,582.43945,582.3714,582.3096,581.162,579.2241,578.4997,578.4084,577.1448,576.8297,577.8758,578.1998,571.0617,511.8632,75.202745,36.34371,33.21846,32.88663,32.826265,32.78987,32.779,32.77438,32.79735,32.78949,32.79037,32.78902,32.804785,32.77228,32.76211,32.79189,32.99615,38.17572,233.7669,484.5106,565.6158,575.3416,578.1297,577.2723,571.2029,554.56,527.1779,521.3495,530.7791,530.72445,534.1501,541.4805,549.076,554.1002,562.5641,563.762,568.6927,570.9377,569.5685,570.5929,568.752,499.43145,64.9734,35.30946,32.98969,32.80896,32.79228,32.80662,32.91816,32.8967,32.853645,32.84878,32.85337,32.84453,32.86577,33.03925,38.98185,244.7643,501.6495,568.8489,567.7951,559.4425,544.77525,565.4742,602.8158,618.5514,619.2177,619.2412,619.096,619.1996,619.3746
32.72619,32.62753,32.63268,32.63499,32.659265,32.65798,32.62893,32.60961,32.607455,32.6677,32.92144,36.56139,93.20466,536.8777,580.7504,582.7494,582.63375,582.6754,582.5989,582.3705,580.2775,579.6941,579.0439,578.9603,579.9014,579.7133,578.5984,565.2087,470.3308,192.9832,37.68796,33.06426,32.63945,32.670035,32.68658,32.6975,32.71598,32.755425,32.78688,32.80064,32.82919,32.88306,32.93857,32.95198,33.01604,33.36204,37.16925,88.77741,524.4307,573.36555,576.6921,578.9199,576.7973,571.8644,562.35245,545.7027,539.9716,540.767,524.4032,511.602,503.5525,507.2725,525.6979,556.8397,564.8352,566.0205,568.271,570.1417,570.9685,563.9993,469.26075,183.4135,36.58385,33.19164,32.85716,32.86673,32.8688,32.88496,32.9273,32.94517,32.97572,32.94762,32.98287,33.040825,33.25351,36.937,89.9458,529.27315,572.1036,566.9096,557.1296,549.4456,581.4111,608.7565,619.2378,619.4636,619.2895,619.3115,619.2823,619.4289
32.603215,32.57928,32.54752,32.537955,32.53718,32.54546,32.52919,32.516595,32.49022,32.51581,32.73749,39.37576,267.4487,515.1028,576.9084,581.1423,580.2613,580.7083,581.6424,581.50085,580.9937,581.1616,579.9033,580.10455,581.1424,580.9896,580.8268,573.5778,502.0318,65.65174,35.36532,32.84854,32.57539,32.72725,32.855,32.94314,32.88514,32.75407,32.6769,32.63271,32.62369,32.75477,32.82042,32.7834,32.83363,33.27646,42.807795,282.7419,509.333,570.5585,575.1358,577.7954,576.7974,572.5294,569.9074,562.4793,554.35,550.67865,517.925,448.3804,392.5603,360.55215,414.5341,507.0514,558.9694,565.57835,566.9857,572.6559,571.2118,569.23605,497.4495,64.35833,35.36957,33.227435,32.9899,32.93129,32.939285,32.90845,32.89817,32.88836,32.874905,32.79716,32.78533,32.78149,33.042595,40.39094,262.3408,512.4236,568.36755,569.4458,564.9371,548.9917,569.0534,602.377,618.1879,618.9796,618.92745,619.0281,618.9477,619.0339
32.711,32.65546,32.66504,32.65421,32.6147,32.61055,32.61046,32.61665,32.51349,32.50292,32.77178,35.71454,81.80056,531.1181,579.344,581.51995,581.1747,581.9117,582.5362,582.3695,581.7862,581.8932,581.5343,581.4588,581.6036,581.19,580.01325,568.4007,472.4075,182.6034,36.65549,32.87747,32.54127,32.53613,32.591975,32.60437,32.60894,32.60533,32.672585,32.65405,32.6939,32.75354,32.743495,32.76729,32.82056,33.24338,39.3943,374.5104,541.8394,575.4932,577.5327,578.2553,576.1615,572.20475,571.2603,560.8356,556.2946,547.6212,496.3612,355.0709,236.1069,190.65715,273.1129,461.9694,546.9496,562.5415,568.0873,573.7228,573.6033,565.28465,475.8218,189.6523,36.90748,33.269215,32.91412,32.89993,32.89763,32.90136,32.83074,32.81684,32.78879,32.79526,32.78074,32.87648,33.130955,37.2683,91.50936,532.1611,569.6753,568.0269,561.2761,547.5963,577.64265,606.4124,618.4426,618.6797,618.64,618.5877,618.6352,618.6391
32.424605,32.40089,32.45444,32.48592,32.47271,32.49754,32.47606,32.42819,32.33637,32.35922,32.44803,35.23995,184.7109,468.198,567.5195,580.4662,581.0505,581.3029,582.0466,582.0561,581.97655,581.7979,581.433,581.1733,581.4687,580.7759,580.4945,577.2462,526.7111,82.92123,36.33344,32.98102,32.58312,32.55584,32.6104,32.61793,32.64058,32.62451,32.62765,32.61353,32.612735,32.62633,32.61555,32.55273,32.62405,33.01255,42.683195,305.0225,516.8277,571.2722,575.9041,574.7742,575.1788,570.8621,571.5613,569.2681,560.3053,554.0489,513.2048,349.5056,175.3004,131.45,158.0899,311.8748,490.1608,549.1156,564.254,569.6336,573.7236,571.2367,519.7189,78.70869,36.39765,33.28197,32.89094,32.83747,32.85062,32.81203,32.80191,32.80422,32.763775,32.76364,32.77959,32.80958,33.05911,39.81593,255.5983,504.28,561.5902,562.9947,557.1998,545.7626,563.3547,601.89525,617.1999,618.4178,618.4391,618.5026,618.3378,618.2856
32.45912,32.46891,32.51411,32.51991,32.51722,32.53697,32.52065,32.53836,32.56335,32.64732,32.93863,38.84298,392.7757,549.16865,580.9719,581.8435,582.1167,582.328,582.4593,582.1943,581.977,581.3321,581.4435,581.5816,580.6226,580.829,578.67725,550.7073,368.1656,108.5996,34.1037,32.61175,32.48169,32.449905,32.46276,33.20198,33.29637,33.33425,33.37299,33.43239,33.42291,33.4228,33.42631,33.49716,33.66691,35.21923,59.61342,490.1823,565.9744,573.1045,572.9311,572.8101,572.7565,572.063,573.7928,570.1132,557.628,528.5568,380.2949,194.31405,143.0541,157.2601,216.8455,380.5935,508.6585,558.5238,568.43435,570.5922,572.0984,548.6279,378.3698,114.3386,35.08323,33.52669,33.38666,33.35364,33.3982,33.44733,33.47646,33.493645,33.55231,33.52886,33.61579,33.73472,34.66682,50.48494,463.63915,550.047,561.0278,554.9623,544.748,551.2277,595.4197,615.2957,618.8438,618.7402,618.746,618.8579,618.4357,618.45435
32.94703,32.89244,32.90181,32.91983,32.91773,32.86722,32.87621,32.85985,32.82372,32.83625,32.97347,35.84091,187.8022,472.2995,569.5878,580.6567,581.0278,581.3347,581.6066,581.4045,581.6579,581.747,581.6609,581.4552,581.381,581.1813,580.9066,571.7126,489.4935,58.95865,35.31262,33.30126,33.10675,33.091125,33.08514,33.10215,33.08692,33.09158,33.07404,33.10291,33.08704,33.07852,33.06956,33.0929,33.18883,34.87261,125.9293,416.2597,547.3662,570.8228,565.4948,562.3873,570.001,570.9799,573.1949,572.7457,562.3699,536.6069,436.4008,227.7233,160.3588,160.9472,172.5426,221.1137,399.9393,519.795,563.9982,567.9586,569.2781,562.1613,465.2383,51.36866,35.10209,33.59714,33.46091,33.39456,33.39645,33.46144,33.44961,33.46238,33.40959,33.35701,33.32418,33.36868,34.53329,124.9699,398.1593,535.0994,555.0371,555.1756,548.7583,551.1411,587.0702,612.0022,618.3166,618.3466,618.2945,618.2106,618.2573,618.2804
33.19762,32.95336,32.93848,32.95538,32.94627,32.95992,32.96677,32.97575,33.01294,32.99871,33.10806,33.44372,39.83104,403.2443,553.5629,579.8643,580.7466,581.3989,581.9963,580.7701,581.6387,582.2764,581.6621,581.2526,581.312,581.1825,581.0102,576.2602,526.487,283.7421,45.05893,34.06385,33.17107,32.97687,32.97459,33.08148,33.10408,33.14759,33.20579,33.1744,33.20371,33.23056,33.2437,33.16521,33.17127,33.66178,38.31353,358.0937,534.9309,572.1359,571.745,566.3047,565.7275,572.0762,572.522,573.0384,568.1412,544.5127,428.7432,240.6033,150.3634,143.5998,160.8938,173.8105,230.9812,448.1475,542.64,567.4666,567.9991,565.9406,516.8169,269.0017,42.65862,33.8361,33.04556,32.964935,32.98533,33.02251,33.03668,33.05305,33.07287,33.09214,33.10364,33.16527,33.42889,37.17938,88.43321,516.2901,555.3334,557.022,553.1834,546.6013,570.7767,604.7534,617.8968,618.1886,618.1275,618.1301,617.7879,617.915
32.42955,32.31619,32.29784,32.30985,32.29163,32.29608,32.2589,32.24058,32.21426,32.20246,32.27506,33.18658,112.3745,391.6659,551.0825,577.002,578.407,579.5232,580.4258,578.596,579.86855,580.7773,580.1343,579.648,580.6076,580.9225,580.6302,577.2531,527.8563,82.61839,36.14566,32.97503,32.77281,32.7512,32.7998,32.74862,32.66826,32.73679,32.9935,33.25902,33.333765,33.35104,33.36096,33.34609,33.40137,34.02995,49.95954,354.589,532.9,570.8623,574.6725,574.4984,573.7911,573.9822,573.5627,574.1827,570.339,549.5611,431.807,223.8172,163.4921,149.0133,154.7939,165.4347,175.9239,332.9835,514.3486,559.4776,570.4588,569.9305,530.2663,92.61745,37.5339,33.61889,33.11931,33.05267,33.02711,33.00791,33.01631,32.99061,32.96273,32.95445,32.94273,32.94194,33.25431,40.98883,270.1643,501.6314,553.9492,559.484,558.4492,542.0757,553.6402,599.3337,616.4509,617.3996,617.4716,617.5333,617.7355,617.6152
32.52059,32.34981,32.31866,32.34351,32.33672,32.37996,32.36017,32.36773,32.39156,32.39335,32.5221,33.1396,44.24829,449.0146,563.2954,579.5252,580.3438,580.0932,579.8691,580.44095,580.1572,580.3152,580.0007,579.551,579.9562,579.7576,579.3463,571.2478,490.869,211.0123,37.90994,32.8715,32.40049,32.40822,32.45078,32.45521,32.48358,32.51818,32.51856,32.543955,32.59023,32.58496,32.615,32.65622,32.77003,33.43541,43.35105,433.387,555.4315,572.4032,574.987,574.8293,574.2534,574.3767,575.1399,574.293,568.1652,534.9247,410.6483,242.6791,197.7654,179.1272,176.7401,177.3877,159.2897,295.6236,488.1368,552.479,567.4692,569.1887,512.3217,260.326,41.97534,33.34548,32.56157,32.49165,32.55271,32.56139,32.54511,32.60197,32.56341,32.60836,32.59621,32.6726,32.97476,37.39884,98.79132,521.1759,560.5651,568.0876,561.2483,540.5719,565.2314,603.6757,617.2088,617.3914,617.4684,617.385,617.0478,617.11705
33.206245,33.16802,33.19056,33.1733,33.20053,33.17637,33.14311,32.73191,32.74927,32.86773,32.9064,34.00468,117.7506,399.9661,550.8381,577.7674,578.3837,579.1804,578.7529,579.7184,579.5791,579.6189,580.0722,580.3761,580.1373,579.64395,577.5756,574.2959,511.2823,72.05782,36.08537,33.28628,32.98258,32.96911,32.93381,32.94177,32.93644,32.95398,32.94431,32.93603,32.94684,32.95617,32.98215,32.97365,33.06037,34.27681,115.2185,401.9342,545.0723,572.5164,572.9313,574.0454,572.0688,572.5964,573.4823,572.6362,569.3953,549.0982,497.6697,360.4301,251.1689,225.5634,190.8715,172.0436,165.128,200.2966,391.9812,519.7257,560.0348,566.8816,530.9979,94.40656,38.05928,33.91155,33.37145,33.30548,33.28982,33.27951,33.2591,33.24376,33.21379,33.25876,33.16914,33.18913,33.49198,41.94705,286.1848,506.6698,559.9875,569.1575,568.341,549.7606,554.5387,598.316,615.9788,616.9171,617.0677,616.9285,616.92,617.07
32.82431,32.53912,32.52439,32.72697,32.77943,32.8128,32.81696,32.76315,32.7673,32.70931,32.75527,33.159,41.42056,425.4168,553.9883,577.6942,578.7066,579.9792,580.4423,580.5501,580.3599,580.409,579.9767,579.8239,579.93025,578.9261,574.8119,567.5991,488.8146,212.3322,39.00333,33.48761,33.02219,33.06933,33.13246,33.11825,33.19487,33.03572,32.5407,32.79318,33.21569,33.30287,33.36278,33.39873,33.5296,34.15391,45.40664,446.0763,558.4116,574.42625,573.7309,574.1876,572.737,571.5974,572.9086,572.2818,566.3678,550.3652,523.376,435.0708,315.4928,248.6045,203.8469,179.7664,182.8834,193.9063,351.4713,502.2207,558.6298,563.614,514.9683,269.7374,43.40065,34.33095,33.51468,33.40968,33.45791,33.50668,33.55015,33.53671,33.41117,33.41867,33.46039,33.55856,33.81569,38.69894,363.1039,529.7756,568.0683,569.8507,567.6017,553.261,564.5183,603.437,617.3745,617.455,617.6421,617.5585,617.2827,617.4543
32.3878,32.35271,32.35303,32.36415,32.38231,32.37637,32.34185,32.31453,32.27278,32.22278,32.282,33.0888,50.40428,361.4644,538.2193,575.4209,576.8178,578.8513,579.3495,578.8415,579.5698,579.6102,578.1525,578.5173,579.5073,579.2415,578.0372,572.1108,505.5172,67.9371,35.269615,32.81588,32.55886,32.54348,32.49781,32.33177,32.28507,32.24172,32.33678,32.34512,32.294635,32.29905,32.35105,32.4155,32.53675,34.17686,135.6637,424.8662,550.1938,573.4023,573.3104,573.3398,572.7355,569.7292,572.3739,571.2094,566.7347,549.1858,527.2116,461.7084,348.43095,282.5634,232.7553,208.0256,176.6683,170.6559,255.8846,431.6898,537.1837,560.7289,526.9805,96.58914,37.6215,33.23051,32.65989,32.60201,32.7152,33.1993,33.41202,33.33901,33.26155,33.23285,33.19678,33.23715,33.66045,44.53802,306.4294,521.5913,565.5475,567.79,568.2809,548.5094,547.9709,597.4955,616.2808,617.0922,617.083,617.244,617.3635,617.4034
32.70011,32.68437,32.64417,32.46745,32.41024,32.39393,32.35801,32.37449,32.58954,32.497535,32.37898,32.73162,42.20782,428.8069,552.9778,578.1981,579.794,579.5498,579.1465,579.3098,579.6581,579.572,578.1092,578.9407,579.1394,578.4729,577.4494,565.24205,465.4579,181.3155,36.11342,32.53267,32.18618,32.18158,32.21824,32.22752,32.252745,32.33029,32.38035,32.39186,32.4009,32.36981,32.37315,32.44025,32.59381,33.484985,48.04642,454.8596,559.3468,574.8671,575.5622,574.57,572.9255,570.8744,572.7062,572.8999,568.4429,548.7974,518.9703,430.4376,315.2784,267.3357,238.74,233.6296,200.9981,164.0291,252.4238,438.5751,527.8268,553.5371,504.5902,255.2919,42.054755,34.28106,33.4582,33.37914,33.38597,33.39086,33.42412,33.47436,33.48097,33.479145,33.51218,33.56152,33.88064,39.01469,374.6914,537.449,569.4184,569.6983,566.68335,552.495,562.7947,603.1517,617.3307,617.5878,617.422,617.511,617.4931,617.2788
32.331645,32.22473,32.18223,32.15643,32.28482,32.22137,32.06333,32.04694,32.17526,32.29158,32.05224,32.525555,46.83133,341.2627,533.2429,575.7861,579.2587,579.1,578.6653,578.8508,578.9209,579.6477,579.2432,579.6819,579.5179,579.3761,578.3488,573.1956,515.546,73.33612,35.78794,33.18395,32.88205,32.786745,32.77278,32.72644,32.61949,32.58396,32.61829,32.61351,32.61591,32.57973,32.55748,32.53883,32.62905,34.00141,127.8432,416.527,550.3441,570.5309,574.4642,573.7997,573.6458,570.8854,571.4705,571.77775,568.5684,558.2134,516.4628,446.6229,296.3239,241.682,215.4707,245.1375,277.2493,200.8244,203.56885,393.3751,518.0257,543.686,516.7992,92.74733,37.77049,33.46736,32.93694,32.84329,32.80484,32.81805,32.89209,33.18442,33.14665,32.94552,32.80259,32.88471,33.27958,44.66347,315.6498,523.2159,566.77275,569.1395,564.7454,553.3515,563.8445,599.9577,615.8108,616.841,616.7549,616.984,616.9718,617.0034
32.41057,32.2979,32.29524,32.31336,32.2955,32.32648,32.35986,32.37166,32.39033,32.3598,32.4447,32.8444,41.05904,422.893,555.2926,579.3726,580.0682,578.1683,578.9288,579.3309,578.9151,579.6246,579.35835,579.7889,579.3524,579.0155,577.5639,566.8093,469.6742,181.738,36.57788,32.7967,32.44383,32.493675,32.52445,32.61648,32.71581,32.8215,32.88536,32.93027,32.97568,33.02334,33.06702,33.09003,33.30749,34.5277,53.39314,477.8135,567.2548,574.6887,575.588,574.507,573.1752,569.4368,571.1121,569.68865,566.5722,550.2421,486.5907,387.9099,269.9525,220.6737,192.9784,284.9384,357.0015,304.1613,272.1583,425.9791,527.7517,541.6104,484.1127,249.1325,41.76169,34.06707,33.26424,33.19611,33.17822,33.16752,33.17435,33.22152,33.14847,33.09548,33.14798,33.27648,33.59828,39.36291,383.466,539.4124,570.0129,569.5884,562.4809,552.0414,575.1154,604.4724,616.5929,616.6591,617.1803,617.3717,617.2189,617.2608
33.10309,33.08731,33.07935,33.081175,33.07958,33.06567,33.06576,33.03707,33.0232,33.03274,33.15228,36.003645,184.898,472.9166,566.5142,578.1513,579.2356,578.1461,577.6516,577.892,577.8965,578.6886,578.7731,578.5473,579.0534,578.9214,578.3862,562.7631,420.4513,44.75678,34.57534,33.36647,33.28567,33.270235,33.26824,33.26209,33.29465,33.216425,33.19891,33.20662,33.26327,33.20925,33.21294,33.2291,33.429035,39.01164,235.2695,501.3723,568.6854,575.555,574.7171,573.87845,571.0249,570.4085,571.0981,570.05605,566.6349,546.4216,469.5755,352.3944,291.0376,209.3615,170.8865,241.8474,409.3858,433.6777,382.08755,432.5005,530.0511,532.0049,479.7654,76.28054,36.81642,33.83283,33.44085,33.38231,33.33925,33.335115,33.31444,33.32139,33.27329,33.21492,33.16212,33.1841,33.89961,48.210375,335.661,530.4337,567.7719,569.2553,563.9297,553.0569,566.4362,600.6142,616.1256,616.597,616.73045,616.7228,616.8253,616.924
33.16264,33.09821,33.14332,33.143715,33.1562,33.16399,33.17553,33.19645,33.18715,33.24539,33.41993,34.88503,59.7492,499.4515,572.00235,578.8584,579.4154,578.8086,577.60675,577.748,578.3663,577.6408,577.3863,578.3175,578.627,578.06145,576.9656,551.2795,380.7656,113.03165,34.95489,33.3059,33.16121,32.312155,32.14279,32.2982,31.84141,31.77282,32.59253,32.91041,32.427305,32.26514,32.44233,32.65638,32.961765,35.68,77.72426,522.2358,573.039,575.7555,573.7557,573.2926,571.5149,571.1222,571.8488,571.2793,566.52,544.6137,470.9217,342.2955,300.5742,214.4019,171.8707,214.8134,406.5244,482.8674,477.4194,496.6496,519.117,488.2518,450.1931,211.3292,39.24214,33.47872,32.869185,32.76922,32.80025,32.831225,32.81895,32.79009,32.78198,32.777915,32.80517,32.91662,33.28107,39.895015,399.3415,543.0941,567.96195,569.4338,564.1354,554.2182,577.4729,605.7153,616.54,616.3855,616.5437,616.2818,616.3265,616.3938
33.71623,33.71865,33.69364,33.71743,33.69215,33.68882,33.69078,33.65939,33.63887,33.65073,33.779255,37.01847,191.8318,475.40205,565.9789,578.612,579.66895,579.5599,579.4371,578.6428,578.9435,578.0269,576.2715,576.6187,578.8321,579.5814,578.09385,560.8582,416.0537,43.8997,35.02152,33.98601,33.8927,33.8814,33.89542,33.86995,33.87881,33.85306,33.87142,33.87895,33.837835,33.86255,33.83631,33.87562,34.13023,41.52577,263.9748,509.349,571.156,575.721,575.8317,575.2593,573.393,572.3093,572.2973,572.1907,570.23275,555.4093,524.6729,401.591,348.6402,247.0949,171.1383,171.75615,319.195,478.2528,520.1513,530.0395,538.0964,517.0469,463.2267,78.42974,36.5308,33.36572,32.91844,32.77439,32.723015,32.7075,32.63685,32.65242,32.629365,32.61405,32.59777,32.71657,33.21695,46.56873,336.21205,527.5414,565.3781,568.0996,567.2141,550.7174,566.0267,600.9567,615.3857,616.4871,616.1101,616.1553,616.5262,616.3093
33.79671,33.74517,33.74866,33.73009,33.77299,33.7714,33.78801,33.80903,33.81008,33.84808,34.00439,35.22836,58.37255,492.7908,571.3169,580.1771,580.4584,580.3588,580.0144,579.8146,579.4065,578.5251,572.5399,575.58035,578.3248,579.113,577.32885,554.5847,392.26,121.39355,35.70957,33.90863,33.81043,33.81194,33.83075,33.84191,33.89433,33.88878,33.90819,33.90964,33.94206,33.95231,34.01183,34.040715,34.25881,37.22031,80.195495,522.6051,574.0628,576.79685,575.8189,575.743,574.1654,572.77625,571.6725,569.7166,570.9533,562.5583,538.8896,477.53245,407.1458,310.5644,193.57,177.7364,289.9476,481.4355,538.936,550.842,555.0133,551.86675,489.3147,245.9607,41.83617,34.79292,34.07721,34.03971,34.041855,34.05786,34.05926,34.10123,34.08175,34.08506,34.10473,34.19603,34.4722,39.50279,378.3964,537.719,569.1185,570.46225,566.4488,546.4421,570.7665,603.742,616.9416,617.2347,617.04795,616.9513,616.8343,616.8269
33.70063,33.6824,33.68082,33.681545,33.67418,33.68407,33.66068,33.64914,33.6353,33.62704,33.76535,36.95669,197.024,479.673,567.16345,579.1553,579.64,579.86985,579.891,579.437,578.985,577.76155,575.9695,576.6251,577.8093,578.64925,576.5193,559.2107,422.26075,45.42093,35.10722,33.9613,33.856385,33.85725,33.85883,33.84719,33.84993,33.84636,33.83535,33.868085,33.84004,33.82935,33.840835,33.84601,34.07639,41.85862,274.1059,512.4385,572.8778,576.9786,574.41235,575.2117,571.7219,570.67345,570.7513,566.8328,566.704,567.82705,558.1146,534.1195,488.11505,424.0534,249.7828,176.9817,229.6231,434.9621,540.6213,557.35485,560.0583,554.39,504.0886,86.670885,38.10811,34.57197,34.1437,34.088125,34.0614,34.05923,34.019065,34.01423,34.001,33.98815,33.953455,34.00229,34.39495,44.44039,300.6202,521.3568,569.1308,571.77545,567.391,546.4399,555.8858,599.0091,615.8025,616.5099,616.52885,616.6751,616.4289,616.5016
33.76669,33.72292,33.72473,33.730915,33.75381,33.74477,33.782005,33.75944,33.80021,33.81459,33.950415,35.02562,52.56333,476.9891,567.9533,579.4038,579.5792,580.62525,580.3752,580.3417,578.2397,577.9754,578.4002,576.7909,578.72875,577.4321,575.4284,555.97745,417.6524,133.8193,35.97423,33.91955,33.75496,33.76792,33.795835,33.82619,33.85306,33.86297,33.8511,33.91235,33.91867,33.92679,33.95219,34.03198,34.23588,36.77804,76.76965,518.2421,572.8082,577.2454,573.7594,575.62335,568.2917,569.4037,569.5322,567.87495,565.6693,569.6798,563.9985,549.1306,531.278,474.4317,294.39435,185.5656,252.3985,457.9988,546.79,562.2697,563.6457,559.0814,504.1506,259.6005,43.773495,34.65324,33.88668,33.829465,33.84369,33.83915,33.87429,33.887335,33.95881,33.97296,33.99245,34.03341,34.25399,38.15065,93.871055,528.7692,571.1532,573.01325,565.6726,550.7627,569.37,602.28135,616.2416,616.7207,616.5659,616.5286,616.4988,616.52465
33.589425,33.5722,33.58391,33.5628,33.57411,33.52744,33.34279,33.30042,33.33169,33.35953,33.50633,35.96665,177.4403,463.24205,561.8781,577.6696,577.3358,578.47895,579.3018,579.5257,576.2516,575.3944,577.2057,574.7302,574.4465,575.4453,575.901,560.56735,432.3015,46.9965,35.11454,33.89054,33.81465,33.78257,33.78129,33.75428,33.76034,33.738135,33.74032,33.76266,33.76423,33.742935,33.70606,33.77366,33.974975,40.56336,257.7879,507.8982,571.586,577.7411,576.3438,575.20665,572.2088,572.0216,570.039,572.4748,571.6598,571.9906,570.9615,564.8875,553.8138,529.1534,419.17985,263.7646,243.0394,436.45295,543.8082,563.4189,565.81455,563.1006,514.139,87.32516,38.128095,34.48428,34.05897,33.97297,33.96247,33.89133,33.7501,33.786985,33.85464,33.79556,33.766515,33.78324,34.06415,41.91624,279.6869,513.5543,567.9209,572.2038,565.8216,555.2238,568.2363,600.7473,615.4351,616.0385,616.1672,616.0754,615.9313,616.0852
33.53336,33.5819,33.6521,33.69578,33.73569,33.74594,33.75355,33.75908,33.7669,33.82744,33.98595,35.38026,58.01188,488.4845,569.6049,578.284,579.5617,579.8717,580.3664,580.3747,579.39095,578.7531,578.2034,577.2439,577.50105,575.9701,577.0104,553.5977,396.2203,120.1552,35.5592,33.867035,33.74046,33.79413,33.803015,33.81401,33.86099,33.85611,33.87516,33.88093,33.90202,33.90895,33.94558,34.01125,34.256955,37.65315,89.93988,527.1425,576.2106,578.5031,577.5344,577.2214,577.2317,573.6561,570.6177,572.39435,573.9924,572.5412,571.3203,567.1181,558.7297,535.7882,483.01245,332.4234,281.2255,465.8026,543.9286,566.1033,568.5411,560.8646,480.6867,214.7762,41.05478,34.71906,34.01113,33.97723,33.9938,33.97866,34.01813,34.018685,34.06699,34.06936,34.056175,34.13685,34.3997,38.01832,94.20565,531.3281,572.4263,571.7047,566.1952,558.3458,579.1198,605.08835,616.1175,616.1978,616.1676,615.9604,616.2442,616.04855
32.924415,32.82154,32.7229,32.61539,32.4806,32.31782,32.19503,32.24158,32.26533,32.135085,32.299,33.05113,47.79013,349.544,537.0827,575.9452,578.2021,579.2984,579.2438,579.347,579.3897,578.7708,578.4527,578.318,577.8605,577.2065,577.928,572.01055,508.2971,68.47605,36.4495,34.10224,33.84691,33.8167,33.82042,33.81401,33.811255,33.81951,33.82703,33.81213,33.80754,33.80616,33.80593,33.77735,33.91279,36.98268,191.4672,472.2021,565.7157,577.7406,577.3602,577.2219,576.2617,576.8035,573.55235,571.4711,574.1845,574.2327,571.13,566.6724,565.6311,557.3146,532.0693,458.72265,304.4766,397.429,524.2352,558.37,567.0703,567.0741,516.0348,90.78551,39.481715,34.80229,34.1235,34.04246,34.00071,33.99107,33.98715,33.97834,33.96162,33.932345,33.92523,33.94816,34.11076,39.61268,251.8519,506.2026,568.72,572.5879,569.4997,559.5406,571.3766,602.1347,615.3878,615.8868,616.1368,616.162,616.1304,616.252
32.7742,32.71874,32.7236,32.67152,32.72024,32.72851,32.76919,32.78737,32.77958,32.82553,32.88229,33.19696,39.27712,397.3237,550.237,578.5445,579.5916,579.8449,579.8541,579.8083,579.0171,577.3001,577.9875,577.2135,577.4725,575.8287,576.6079,567.3392,484.3377,217.0914,37.75438,31.72296,31.02487,31.0401,31.07603,31.05577,30.97461,31.02704,31.09114,31.09201,30.99773,31.15413,31.13103,30.85244,31.27224,33.617365,56.11487,488.6143,570.2834,578.2353,578.0253,577.3536,575.8436,577.4044,575.2653,572.5151,572.6137,573.7154,572.4598,567.2377,564.6897,561.5523,544.5333,491.105,348.8049,405.816,519.4968,557.9518,566.8336,566.6246,511.1413,281.478,44.606735,34.15122,32.99749,32.96543,33.09935,33.10415,33.09747,33.11469,33.14128,33.14821,33.15752,33.19804,33.37245,35.3604,69.66031,514.6262,568.9378,572.8124,569.18395,561.4387,578.1617,603.3066,615.299,615.5353,615.3952,615.4043,615.4194,615.3512
32.83082,32.76708,32.81129,32.847245,32.87133,32.92693,32.8242,32.83284,32.92151,32.8678,32.857425,36.36383,202.5439,484.66,569.2934,578.8908,579.3838,579.36955,579.4273,578.5126,577.8919,577.333,577.1097,576.4192,575.671,575.90105,575.9012,559.0424,425.14095,44.27837,34.13465,33.09007,33.004775,32.99439,32.99893,32.992045,32.9996,32.97266,32.95685,32.994915,32.95147,32.95366,32.933285,32.96524,33.29059,42.26256,285.30655,518.2138,573.6166,577.0197,577.0744,576.1739,575.6744,576.4489,575.7516,572.5875,571.4966,573.32305,571.0914,567.4422,565.2699,566.197,553.4817,524.9791,421.66995,418.1276,511.0614,554.28845,567.5627,568.6151,524.9276,89.675825,37.52227,33.64944,33.1151,33.04927,33.03679,32.99155,32.988695,32.98201,32.98379,32.97294,32.893285,32.94526,33.06881,37.806415,232.7805,496.5276,565.4814,571.34385,569.1093,559.8592,571.30925,601.5355,614.4754,615.1498,615.13125,615.3086,614.8988,615.1416
32.81849,32.80116,32.82604,32.82581,32.84039,32.8384,32.81423,32.79644,32.74908,32.79923,33.095705,34.54433,55.97681,489.8833,571.0878,579.1813,579.7441,579.89965,579.3597,578.7715,578.51115,578.3736,578.0235,577.1094,575.4953,575.2713,574.5214,558.31115,429.2533,144.1697,34.98888,32.78579,32.59721,32.61376,32.639755,32.62951,32.6767,32.68982,32.67102,32.64315,32.65272,32.659515,32.72375,32.77276,33.004095,35.42353,75.5777,518.5815,574.53945,577.8671,577.4501,576.7892,574.0593,574.1803,575.4431,572.7956,571.5859,572.6552,572.3469,566.9719,559.2543,564.2058,554.91045,543.6875,510.6303,495.00555,528.7842,550.0339,562.43315,565.4837,526.5693,308.1935,46.159835,32.65943,31.94322,32.108375,32.70247,33.19691,33.22457,32.321125,31.69424,31.76237,31.8862,31.82578,32.08767,33.76939,60.39751,498.4462,568.0031,572.7027,567.8032,556.9017,573.8561,603.1741,614.599,614.9944,615.02735,614.9655,615.1547,615.2637
31.56718,31.40068,31.48098,31.4183,31.42076,31.47357,31.60561,31.63113,31.58208,31.494855,31.49287,35.78891,212.30235,484.8486,568.8407,578.17655,578.8232,578.6727,578.5458,577.2833,577.3124,577.65365,577.3003,577.1404,575.6111,573.9981,573.1189,559.5291,430.58865,44.05003,33.37157,32.294235,31.96901,31.72718,31.626875,31.60952,31.53588,31.464965,31.46219,31.56434,31.588405,31.65385,31.63914,31.72526,32.06086,40.46367,283.38225,516.9807,573.0261,576.6391,576.57575,575.8011,571.3349,571.64,574.2548,573.0822,571.7294,571.8461,572.5896,569.1392,553.1554,562.6617,557.78865,552.1575,548.0084,542.88475,548.0985,551.2786,555.0553,562.5038,524.7053,93.166025,37.05377,32.65849,32.18121,32.15804,32.15384,32.09016,32.01751,32.01899,32.0976,32.11799,32.06759,32.06609,32.18697,35.26203,194.8146,476.14115,562.783,571.4976,570.0339,557.7317,569.5189,601.20955,613.8745,614.4274,614.79485,615.1659,615.3294,615.2536
31.65334,31.62852,31.64594,31.64336,31.64948,31.65926,31.66218,31.68564,31.72469,31.93438,32.91601,34.6259,56.943465,491.4398,571.1212,578.66805,579.4723,579.5973,578.78405,576.9816,577.3788,578.31825,578.0971,577.4474,575.52655,572.6212,572.0986,559.1917,436.43745,150.7402,35.26104,32.7422,32.52296,32.53482,32.570245,32.61276,32.61232,32.62585,32.65153,32.70013,32.778475,32.73201,32.61171,32.686655,32.90721,35.49128,78.210475,523.3546,575.1124,577.84735,576.6908,576.0496,572.9971,570.41835,573.6162,574.2042,574.19745,574.4653,573.9781,567.4394,560.0399,565.099,559.1143,555.2824,556.7778,556.705,556.7658,558.4949,559.23215,560.6494,515.4406,290.683,44.85701,33.23906,32.228215,32.17858,32.12377,32.03524,32.024575,32.05614,32.08191,32.149935,31.97448,31.93388,32.130685,33.24067,50.69986,474.55545,564.1482,569.9023,568.1749,556.9717,575.4185,602.2571,614.52,614.6213,614.62695,614.5458,614.6014,614.45065
31.785375,31.723,31.73114,31.75684,31.78068,31.73075,31.74185,31.68349,31.6852,31.70889,31.79511,32.66206,106.2307,381.1372,545.9229,575.47845,577.3782,578.0705,577.929,577.36,575.6191,576.8706,577.1201,575.59955,571.07,570.5269,570.8671,570.5502,514.1022,70.65012,35.00684,32.35313,31.97125,31.91817,31.93444,31.93722,31.84043,31.82442,31.8359,31.88727,31.91553,31.89828,31.88282,31.88531,32.00769,35.08839,190.64345,473.3498,564.9985,576.1904,576.0041,575.1562,575.2025,572.45265,570.0922,572.6759,574.0225,575.5785,574.1701,572.5936,569.0811,569.4538,562.6169,553.5943,555.5789,558.7426,558.8571,557.4285,560.8839,563.1058,539.7863,379.0418,39.34458,32.6751,31.80202,31.86101,31.881355,31.88153,31.88373,31.9027,31.91342,31.89656,31.88926,31.91636,31.9923,33.1722,126.7899,422.0491,550.373,568.7256,562.8481,555.047,569.3054,599.2699,613.915,614.1979,614.3952,614.1895,614.3326,614.124
31.72794,31.65571,31.69538,31.80278,31.88353,31.91734,31.99452,32.04986,32.62277,32.95458,33.19682,33.74609,41.97238,423.5927,554.07885,577.1942,577.5499,577.9236,578.7825,578.7364,575.3802,575.16655,574.9976,569.9461,567.8188,570.7414,574.8682,571.0317,506.987,245.7809,40.5436,33.30798,32.70711,32.69699,32.72694,32.785925,32.78126,32.80155,32.80723,32.90393,33.01963,33.04305,33.0303,33.14719,33.43528,34.56942,55.25634,488.6172,570.3676,577.9487,577.4432,577.3617,577.6559,576.6174,573.5933,573.9293,576.8251,577.10765,575.6308,574.353,571.1535,569.6577,561.9489,549.5737,547.6166,557.5658,556.3328,551.4976,553.4175,549.1545,529.2662,340.29105,100.0849,34.07715,32.41456,32.33587,32.35173,32.38412,32.35539,32.36051,32.36089,32.12618,32.02921,32.03925,32.18669,32.65698,40.30091,430.281,554.6022,569.333,559.0937,552.3545,572.67835,601.1422,614.5635,614.6906,614.5124,614.489,614.5451,614.4949
32.679155,32.66807,32.66623,32.658895,32.65393,32.65744,32.65225,32.64866,32.61327,32.61796,32.75855,36.82708,214.4254,487.0326,566.1504,574.8796,576.0573,575.042,576.3498,576.94615,574.7447,574.0542,569.91575,566.8484,570.4936,575.35425,577.3275,566.6094,461.8955,50.26074,34.58579,33.11742,32.931845,32.92661,32.90574,32.865475,32.82389,32.7749,32.74356,32.74405,32.68541,32.717185,32.67343,32.66242,32.80263,38.765455,249.7673,506.4493,570.58785,576.8857,576.9144,577.30585,577.2243,577.3984,575.0283,573.2537,575.3672,575.8866,574.4496,573.8111,573.0244,571.7818,563.7477,550.2698,548.09255,558.5992,555.5633,544.6095,546.1999,546.465,522.95855,347.8225,38.44099,33.37128,32.821645,32.7485,32.75245,32.6588,32.76934,32.85149,32.843835,32.86546,32.87216,32.913765,32.9532,33.83729,107.6912,396.89545,543.3316,567.6352,563.8022,552.7974,569.9553,600.6841,614.4621,614.9763,614.9422,614.7156,614.7046,614.6863
32.77385,32.74381,32.78629,32.803435,32.84827,32.84233,32.82847,32.70039,32.80995,32.933805,33.17334,35.35921,67.742425,512.9357,572.5779,575.9083,577.2033,574.9406,573.2983,576.25805,570.9141,571.0307,568.6731,572.6066,575.2301,578.074,577.4059,561.6002,438.4503,155.24895,35.84574,33.17235,32.903535,32.94132,32.96805,32.99938,33.00324,33.03348,33.047445,33.08709,33.0643,33.10045,33.10661,33.15647,33.34177,35.46244,71.7866,516.7589,574.55815,577.728,578.0032,578.06885,577.5769,577.9881,576.65335,575.251,576.231,576.6118,575.81265,574.6027,573.831,571.96465,568.8128,561.6884,559.0959,561.7058,560.9038,552.23725,553.9955,554.2316,516.8971,311.5168,47.7932,34.28049,33.203335,33.10474,33.11648,33.167845,33.14476,33.21231,33.233415,33.22349,33.22674,33.24299,33.38115,33.71799,39.25343,395.7926,546.6879,569.0077,565.2521,554.4929,575.5317,602.78705,615.1697,615.2646,615.10685,614.9382,614.718,615.00525
32.41071,32.38154,32.34904,32.34707,32.33454,32.32886,32.38066,32.36359,32.354025,32.31803,32.35911,33.38021,120.8797,406.5236,552.3775,575.8328,575.709,575.6976,572.9665,573.1132,574.9692,571.3886,571.1357,572.7274,576.2783,577.94475,578.3548,576.5861,531.3032,85.9815,36.78047,33.4842,33.01709,32.99094,32.97241,32.9691,32.97399,32.98295,32.95361,32.9518,32.99712,32.92731,32.91737,32.91048,32.98711,34.61264,149.7006,444.0833,560.0628,576.8038,577.49735,576.9852,576.3131,576.3646,576.1639,575.3574,574.3004,573.9215,575.85395,575.8418,574.0948,573.2573,573.2819,572.9949,570.0215,565.3818,563.6906,564.2427,558.0888,560.2625,539.2683,383.8718,41.4421,34.06217,33.24879,33.14752,33.12831,33.18604,33.19401,33.19682,33.23652,33.35545,33.3415,33.27294,33.28931,33.51731,42.32055,308.9367,517.6142,568.3536,566.7766,554.95115,565.0736,599.0341,613.3067,614.4597,614.5903,614.3827,614.5389,614.5136
32.50526,32.50632,32.6294,32.67451,32.3339,32.408,32.70806,32.80503,32.90899,32.93555,32.96699,33.22115,41.53444,427.3817,557.2028,577.5233,577.4306,576.7109,574.6227,571.9556,575.1196,576.482,574.8423,574.5396,576.8382,577.5433,577.8968,575.14845,528.0921,288.5674,44.82904,33.69418,32.83795,32.79134,32.855,32.84629,32.841865,32.84063,32.84201,32.81328,32.86382,33.09244,33.06071,33.04604,33.19082,33.87346,46.19601,459.5022,564.7929,578.0829,577.294,575.5131,574.9778,574.6674,575.4639,575.1784,573.9648,571.1553,572.8264,574.6448,573.7107,574.4319,575.1594,573.8304,571.7939,569.5331,569.0982,569.8701,568.4029,564.1207,534.3697,346.5827,77.37137,33.88981,32.48676,32.40691,32.62094,32.76068,32.87963,32.67644,32.46074,32.714475,33.23767,33.27637,33.08328,33.23038,36.19648,92.7263,532.2064,569.7131,565.10685,552.763,572.7184,602.4842,614.5271,614.7297,614.8189,614.9279,614.8148,614.72895
32.505395,32.50052,32.52324,32.54444,32.51472,32.39336,32.576225,32.5639,32.54344,32.53237,32.47675,36.86517,218.2228,489.4757,568.9977,577.4379,577.48645,576.6956,569.9514,565.27805,571.9993,576.5735,576.85575,576.2698,576.0326,576.22785,577.3997,571.0429,496.1977,61.93758,35.09644,33.01981,32.706425,32.53867,32.66708,32.69327,32.71647,32.69292,32.66876,32.63774,32.50049,32.552855,32.65592,32.67328,32.79897,36.359815,197.6526,479.9186,566.27035,576.9682,576.11,575.49795,574.2059,574.8023,574.79955,574.4525,574.8969,570.4853,565.40245,570.5418,571.6477,573.90555,574.7247,574.8339,574.2951,574.2516,573.2452,573.43765,573.7264,570.7456,534.9307,362.3443,39.57606,33.87526,33.235965,33.16338,33.16239,33.17451,33.19548,33.19067,33.191505,33.16292,33.15396,33.12584,33.15311,33.41692,40.87507,292.3493,509.5447,567.4213,565.7494,553.5107,570.4255,600.4161,614.013,614.3153,614.4402,614.5564,614.7239,614.249
32.46693,32.36686,32.49885,32.54356,32.55011,32.58539,32.597915,32.60387,32.58762,32.63616,32.84034,35.1398,71.270325,516.9447,574.9586,578.2001,577.9247,576.459,570.6489,564.5943,571.5403,575.3619,576.9968,575.1749,576.2412,576.54965,576.5514,566.9207,477.3023,195.05825,36.97572,32.97154,32.560335,32.58328,32.5921,32.609535,32.62957,32.66005,32.659,32.68801,32.72383,32.73736,32.77859,32.81924,32.97004,34.33115,57.23575,493.9647,570.44785,577.7725,577.2425,576.2916,576.8192,574.7249,576.7725,576.6809,576.8577,573.4975,566.11855,568.7157,573.1297,573.5572,572.8421,573.9584,573.95385,575.1143,574.1527,574.32425,574.3122,571.0314,525.0448,304.8452,46.55703,33.76258,32.797025,32.74615,32.79414,32.770075,32.80284,32.82014,32.8255,32.8565,32.87808,32.85501,32.94683,33.15033,35.62642,79.93507,520.2724,567.8555,562.7482,553.0191,575.3627,602.49745,614.0235,614.2395,614.4054,614.3294,614.2263,614.26305
32.91503,32.8912,32.88062,32.88505,32.87624,32.90639,32.86775,32.85002,32.85686,32.80185,32.90978,33.95674,117.1542,400.3624,550.3313,576.0521,577.2376,577.0259,576.8826,574.6781,570.9395,571.92325,575.9482,574.3094,575.6252,577.5917,577.7545,575.4929,550.9167,388.1853,40.38795,33.90993,33.11429,33.06343,33.03919,33.045855,33.0716,33.02802,33.07795,33.0521,33.04349,33.02385,33.002155,32.99308,33.06964,33.81844,103.5452,383.0732,545.1818,575.9431,577.0349,576.544,577.3769,574.8344,575.6122,577.3779,577.2311,576.3094,575.0195,572.967,574.5562,574.2444,572.1089,572.3073,572.34035,574.9909,574.9895,575.0429,574.3947,573.0364,551.4898,410.5093,43.72628,33.81402,32.90782,32.80606,32.79294,32.7851,32.816485,32.7969,32.79194,32.78495,32.77157,32.77415,32.78044,32.893055,36.09591,213.889,474.4346,560.7604,565.3534,554.3136,565.78635,598.3228,612.9828,614.1706,613.6933,613.8601,614.02,613.7372
32.98076,32.93084,32.94193,32.94281,32.94589,32.97722,32.96307,32.990385,33.00734,33.02681,33.15337,33.67246,43.1126,433.0925,557.3994,577.4221,577.8857,576.7607,577.6767,577.8518,576.085,575.05375,575.8406,574.5853,576.1141,577.1542,576.8947,574.8727,543.9693,357.1799,100.35,34.43481,33.0791,32.98231,33.01717,33.05123,33.07506,33.10153,33.10175,33.12922,33.10454,33.17235,33.175185,33.20637,33.28673,33.64831,40.32515,411.045,553.4019,577.13295,577.8398,577.7195,578.0971,577.3681,577.8025,578.2694,578.2186,576.9805,576.5491,576.253,576.4659,575.822,573.8933,572.6016,573.05205,574.1565,573.0049,572.5441,572.5886,570.1171,543.4344,364.65815,111.093,34.80449,33.25913,33.18605,33.1893,33.20766,33.227315,33.24268,33.26761,33.25866,33.30697,33.29432,33.33214,33.498745,34.55016,57.48663,490.5268,565.4866,565.7392,554.3045,575.22275,602.2777,614.5191,614.6233,614.573,614.3567,614.4494,614.5378
32.72389,32.71427,32.61825,32.55671,32.45725,32.449935,32.46071,32.48182,32.47312,32.46552,32.69018,38.861845,253.2241,505.639,569.8397,575.6427,574.2329,575.3252,576.3707,576.2621,575.5817,574.7608,574.0491,575.0653,576.2946,575.7079,576.6139,572.58705,515.978,73.38975,35.97971,33.27942,32.94829,32.855745,32.92826,32.94826,32.86342,32.85677,32.896325,32.89744,32.87832,32.897565,32.88479,32.93704,32.99385,34.68378,155.2857,448.2258,557.6026,575.6111,576.10745,575.4437,576.15375,575.5165,576.6682,577.41305,576.8063,575.508,573.78385,575.1744,575.5684,574.76575,574.629,574.25245,573.3595,572.4489,568.38295,566.7852,570.0026,567.51145,533.6985,350.8494,39.62545,33.72932,33.04491,32.946635,32.95134,32.942375,33.01167,32.9636,32.95508,32.92993,32.95781,32.80872,32.95306,33.09904,35.615955,195.3148,461.46085,559.0486,568.5197,555.0651,572.7029,600.1851,613.9946,613.9633,614.0411,614.3675,614.273,614.4381
33.0548,33.04022,33.058635,33.07012,33.06724,33.085235,33.07544,33.12609,33.1286,33.19121,33.3567,34.80928,59.41027,490.1829,554.9096,562.1005,559.7225,561.5858,563.1905,564.13945,563.4646,562.4818,562.7865,564.1296,565.582,565.5896,564.9902,563.01545,514.9093,272.0211,43.245055,33.12747,32.39211,32.04028,31.76777,31.87437,31.954545,32.02304,32.414955,32.95312,32.94838,32.89907,32.80047,32.84576,32.948435,33.33042,40.51729,424.5903,548.1023,569.33005,569.6207,567.6182,569.0613,569.5058,569.6833,569.93295,570.1148,570.7205,569.0348,568.172,565.8925,565.3448,565.6964,564.3314,562.9163,561.186,555.9853,552.5515,553.3792,553.2153,517.5624,319.1864,50.663745,32.01994,30.60147,30.56044,30.66844,30.71818,30.7564,30.76922,30.766945,30.96752,30.76884,30.543395,30.72,30.96979,31.597815,44.00354,452.07185,553.3384,568.174,558.45435,576.4685,600.2838,612.78215,612.7734,612.9005,612.9534,612.662,612.64185
31.07108,31.04173,31.02097,30.981785,30.98233,30.93633,30.870565,30.79995,30.97015,30.82781,30.99228,34.83263,210.30825,432.8763,490.6644,498.8361,499.0537,499.6801,504.3095,506.1926,506.4858,506.6996,505.80415,509.1559,512.6687,512.85365,511.8506,511.9011,477.876,77.943395,35.30209,31.97065,31.6033,31.61056,31.60243,31.59068,31.38744,31.5149,31.7992,31.7876,31.81587,31.801515,31.79463,31.7652,31.80519,32.645155,100.5261,363.1859,490.66935,524.6209,525.6121,523.85595,524.3446,526.8904,525.6458,523.6148,523.7031,523.5082,522.69055,519.6887,516.0455,502.4963,501.2213,516.8823,514.5838,511.5197,509.9023,506.4873,502.0757,494.7262,439.51695,88.77151,35.92932,31.52226,31.09506,31.01172,30.95704,30.911345,30.89672,30.87022,30.94345,31.06382,31.02244,30.92881,30.69915,30.68568,31.82739,130.34425,396.9882,542.7359,566.03965,562.3987,577.9339,601.2588,612.2456,612.5022,612.51135,612.682,612.6421,612.7324
31.26994,31.29598,31.29803,31.28063,31.3246,31.33743,31.33686,31.47841,31.58087,31.511645,31.73568,32.44057,38.95361,98.89584,227.4335,238.8292,244.45705,248.5123,253.4391,260.2071,262.4852,266.4955,269.14645,277.8532,287.9113,287.26155,287.3444,288.9253,277.3194,177.0813,40.26579,32.78443,32.36936,32.35654,32.29787,32.398215,32.44873,32.41691,32.336835,32.40991,32.56429,32.83509,32.62996,32.44153,32.32299,32.47476,33.40926,56.18135,311.73625,353.3723,361.1645,351.25845,346.3558,354.9717,357.72655,342.603,342.5627,342.7067,339.3638,328.5917,308.5099,300.9279,312.2711,314.5938,303.9287,291.9941,291.3755,285.7052,278.457,265.8135,226.29575,145.2092,39.37984,32.67018,32.321155,32.43694,32.59668,32.61915,32.62451,32.62387,32.640015,32.65777,32.65479,32.68683,32.84494,33.06388,33.4191,37.327605,101.3782,534.4175,567.99215,564.3207,581.1905,603.64835,614.3148,614.3855,614.07765,614.0596,613.9999,613.9355
32.17145,32.126185,32.143635,32.13146,32.17786,32.512985,32.813425,32.83525,32.830335,32.83531,32.87861,33.531595,39.82535,50.57316,54.84797,56.92294,57.783005,58.43135,59.17966,60.20028,60.599545,61.80492,62.29443,63.970925,65.374125,65.25893,64.926235,65.320515,60.9557,45.37372,34.67629,32.97422,32.9025,32.893025,32.89413,32.87697,32.91026,32.894185,32.823945,32.51066,32.348595,32.40413,32.57202,32.859715,32.96902,33.070905,33.55409,40.30396,60.014125,76.49819,82.78131,81.830305,79.5705,79.36326,81.59788,80.32125,78.833675,77.91594,77.44715,75.731015,72.48515,69.87475,69.38523,71.36138,69.87135,67.850355,66.580135,65.75013,63.96018,61.656915,54.57818,43.91737,35.561355,33.239805,33.11437,33.10314,33.095545,33.08001,33.0801,33.06335,33.066485,33.0466,33.05003,33.03921,33.02394,32.98913,33.09892,34.9915,180.66145,465.0719,559.8214,562.6186,567.3678,597.1235,611.93075,613.444,613.7325,613.6472,613.66545,613.663
32.213525,32.410455,32.51457,32.54154,32.542995,32.61354,32.61541,32.69727,32.74381,32.71321,32.65233,32.739365,33.185845,34.56454,35.00112,35.341595,35.50561,35.5558,35.68331,35.706875,35.61866,35.78153,35.790915,35.829165,36.29356,36.53071,36.49159,36.50611,36.363225,33.492715,32.410615,32.2245,32.19467,32.196,32.1641,32.19688,32.249355,32.27284,32.257795,32.207415,32.18252,32.21923,32.43916,32.800455,32.80729,32.80461,32.85949,33.281805,35.86799,38.973405,39.823725,40.10223,39.71529,39.545955,39.736965,39.79865,39.353245,39.42664,39.3902,39.181445,38.638835,37.79978,37.88354,38.20719,38.00449,37.63387,37.382705,37.39074,37.0456,36.732645,35.88563,34.10941,33.39442,33.244995,33.248425,33.2384,33.240275,33.23408,33.23925,33.25377,33.2575,33.26596,33.29481,33.28202,33.27952,33.325485,33.42224,33.85246,41.87888,431.8639,552.5764,561.16555,566.07095,597.9444,613.0767,614.6826,614.778,614.7319,614.571,614.3867
32.92686,32.89016,32.89306,32.87706,32.83109,32.80382,32.838255,32.954055,33.00228,32.997025,33.001015,33.00108,33.02548,33.042195,33.05957,33.05051,33.06992,33.06395,33.085275,33.08223,33.089975,33.09068,33.06081,33.059355,33.08162,33.11597,33.111715,33.11722,33.095735,33.05278,33.02598,33.02169,33.0302,33.00629,33.022435,33.023755,33.00692,32.99796,33.001095,32.993395,33.003625,33.014045,33.04552,33.06944,33.08419,33.081255,33.078515,33.01434,33.057315,33.114425,33.160465,33.163785,33.133585,33.08642,33.17633,33.23492,33.24124,33.24403,33.241225,33.24711,33.244675,33.23818,33.22607,33.21679,33.202255,33.19782,33.19489,33.21963,33.217615,33.19768,33.16257,33.14092,33.11355,33.1256,33.122665,33.11738,33.08976,33.05504,33.01702,33.01549,33.003745,32.959985,32.829415,32.68147,32.64394,32.632345,32.689885,33.243805,49.61109,354.3536,532.4407,558.85125,562.5661,595.27095,611.93575,614.01455,613.97835,613.9951,613.6822,613.941
32.938515,32.898345,32.89805,32.90234,32.906805,32.912895,32.922905,32.921215,32.93684,32.94277,32.964755,32.98849,33.01279,33.015175,33.02557,33.033695,33.03475,32.98267,32.85522,32.817395,32.81504,32.826455,32.84133,32.84405,32.864,32.862755,32.90051,32.939935,33.01693,33.123965,33.132545,33.144785,33.147725,33.169935,33.170085,33.19555,33.214505,33.17434,33.219955,33.23383,33.24494,33.244445,33.262165,33.24733,33.16017,33.016845,33.06707,33.169755,33.20231,33.25716,33.259215,33.25324,33.219065,33.17831,33.15184,33.15408,33.147475,33.097615,33.051215,33.03602,33.010415,32.97149,33.04017,33.21777,33.305075,33.32238,33.286915,33.28047,33.294215,33.24824,33.252715,33.26002,33.324065,33.370115,33.37105,33.380385,33.39029,33.371495,33.387535,33.39276,33.41835,33.42125,33.439005,33.43318,33.440555,33.43873,33.48659,33.65435,35.820575,81.34501,509.8479,557.25225,565.88825,598.0437,613.82425,615.39125,615.14345,615.48695,615.1199,614.9673
33.22487,33.2255,33.223945,33.21614,33.235245,33.22893,33.239015,33.24478,33.24739,33.262415,33.258495,33.22718,33.2431,33.23607,33.231035,33.25225,33.26848,33.26319,33.27826,33.28814,33.26718,33.27047,33.28543,33.28553,33.299945,33.28943,33.3041,33.289765,33.291285,33.30849,33.2923,33.299805,33.310555,33.338015,33.35773,33.353035,33.362625,33.36742,33.38604,33.344805,33.35129,33.35797,33.37563,33.37701,33.3852,33.382105,33.39293,33.393905,33.391645,33.39715,33.37023,33.39658,33.400925,33.39506,33.40266,33.403775,33.398515,33.41342,33.415845,33.411665,33.40816,33.40375,33.415375,33.413185,33.37594,33.36204,33.34891,33.330385,33.272475,33.22742,33.156185,33.14098,33.200365,33.22596,33.254195,33.26738,33.24803,33.277135,33.28328,33.27571,33.24208,33.240885,33.261645,33.26958,33.24352,33.242375,33.265815,33.449475,39.43409,259.60355,479.81465,550.2791,564.1517,596.20005,612.2207,613.8699,613.9927,614.1869,614.40725,613.97205
33.208915,33.20976,33.222075,33.21957,33.19747,33.205445,33.214605,33.23333,33.23475,33.24206,33.25343,33.25388,33.256815,33.2658,33.274245,33.2834,33.28306,33.288535,33.27842,33.29833,33.300475,33.297845,33.302955,33.31716,33.327165,33.331545,33.3292,33.34101,33.34106,33.350275,33.350135,33.37796,33.348025,33.375415,33.37395,33.36962,33.382265,33.407915,33.39607,33.41172,33.41106,33.42748,33.436615,33.44735,33.44865,33.453015,33.46247,33.44179,33.4767,33.489685,33.4891,33.4862,33.49977,33.499035,33.5123,33.46934,33.501,33.512985,33.515345,33.52552,33.52811,33.53239,33.5308,33.55172,33.535605,33.54152,33.5377,33.51978,33.54936,33.547745,33.53771,33.5497,33.56071,33.537085,33.54123,33.55209,33.56238,33.570455,33.57791,33.59771,33.5853,33.599355,33.6155,33.61326,33.628665,33.637755,33.66264,33.80521,34.551565,47.013505,407.64255,534.6621,560.3068,595.8847,613.34075,614.618,614.8046,614.76905,614.13945,614.46
33.18962,31.87428,31.40647,31.87996,33.134555,33.26397,33.265095,33.27374,33.31866,33.338555,33.34359,33.3368,33.352415,33.347705,33.34997,33.356175,33.366895,33.34861,33.33141,33.315695,33.283085,33.16321,33.01141,32.993305,32.98405,32.98828,32.978935,32.96713,32.961905,32.94636,32.96022,32.94987,32.92119,32.91337,32.89618,32.92891,32.9836,32.94354,32.977475,32.95035,32.94894,32.9315,32.936105,32.946755,32.96527,32.96145,32.981595,32.978345,32.96373,33.0013,32.997025,33.01504,33.01437,33.04438,33.03381,33.05032,33.033765,33.023475,33.03385,33.02005,33.03006,33.03043,33.03878,33.04066,33.031215,33.02921,33.02941,33.01798,33.007795,32.99311,32.97045,32.92937,32.908885,32.90145,32.91114,32.905895,32.89919,32.91295,32.913145,32.91226,32.91364,32.92378,32.93788,32.90537,32.883265,32.89656,32.92585,32.987505,34.43405,125.02055,378.5723,518.42835,563.4669,597.6933,611.9453,613.1833,613.6365,613.78295,613.8255,614.0248
33.16462,33.16129,33.17636,33.17255,33.193945,33.214805,33.22096,33.20821,33.208645,33.23087,33.24287,33.2456,33.26904,33.261305,33.27663,33.28666,33.2822,33.291535,33.25219,33.29367,33.29344,33.298985,33.3106,33.289925,33.307415,33.3173,33.300185,33.318735,33.322365,33.34125,33.34436,33.327935,33.33778,33.34249,33.34902,33.329035,33.346035,33.3695,33.397895,33.39923,33.41699,33.40939,33.4691,33.460655,33.44445,33.47059,33.47165,33.48151,33.4816,33.48708,33.498785,33.50092,33.50198,33.51024,33.51329,33.51316,33.51243,33.523245,33.52653,33.48866,33.50328,33.54027,33.524,33.50909,33.47741,33.476695,33.49173,33.517335,33.530175,33.533275,33.52795,33.540945,33.53442,33.540275,33.53518,33.57081,33.58183,33.60343,33.62304,33.608005,33.59924,33.57801,33.61496,33.614815,33.63497,33.65006,33.660405,33.740365,33.99603,36.5803,82.185235,469.58715,551.4435,596.902,613.1051,614.90335,615.0226,614.6818,614.4971,614.2104
33.51105,33.54193,33.54147,33.55219,33.56264,33.544225,33.5662,33.561545,33.57285,33.578995,33.57741,33.590515,33.57754,33.612675,33.59572,33.603555,33.60863,33.61591,33.61818,33.617815,33.61463,33.62202,33.624095,33.633025,33.637675,33.61914,33.64643,33.640615,33.649085,33.6519,33.64895,33.650585,33.651115,33.66127,33.6533,33.67432,33.67174,33.65603,33.60918,33.50776,33.38202,33.31569,33.393345,33.486065,33.525245,33.52678,33.550975,33.570445,33.59963,33.612225,33.60073,33.583955,33.491875,33.41763,33.31294,33.101235,33.099235,33.223495,33.33679,32.60187,32.58823,32.93504,33.35521,33.429545,33.42515,33.434595,33.4236,33.43391,33.42716,33.42265,33.43675,33.362245,33.33422,33.343345,33.41059,33.40097,33.39455,33.399275,33.397925,33.42355,33.38725,33.401295,33.42377,33.43938,33.40601,33.399305,33.381125,33.42627,33.856555,41.51376,255.6149,453.3005,551.34605,598.66925,613.25985,614.1142,613.89515,614.2974,613.9086,614.16005
33.53412,33.536805,33.540175,33.543335,33.52227,33.55958,33.56984,33.567925,33.5815,33.58531,33.60091,33.59019,33.60287,33.60041,33.60748,33.62475,33.61255,33.63113,33.641165,33.63289,33.64544,33.64917,33.65913,33.6576,33.62128,33.66646,33.6698,33.68808,33.684755,33.67068,33.68577,33.69112,33.695365,33.68554,33.707605,33.716565,33.72649,33.72015,33.73836,33.743745,33.74902,33.75771,33.762985,33.76808,33.783975,33.77274,33.80634,33.807715,33.82309,33.80271,33.82337,33.831725,33.82934,33.84162,33.83922,33.843395,33.850595,33.8426,33.81045,33.85231,33.865705,33.8626,33.84566,33.86541,33.8668,33.868515,33.84766,33.87315,33.87737,33.88589,33.86258,33.891715,33.886005,33.884485,33.89534,33.89978,33.898035,33.902485,33.916325,33.91781,33.90483,33.928255,33.9266,33.93464,33.9515,33.954985,33.97299,34.00883,34.15783,35.39099,60.098105,476.5345,562.593,599.0445,613.76635,615.2722,614.9213,614.9804,614.7477,614.8164
33.55608,33.554175,33.562975,33.558775,33.5439,33.57312,33.57328,33.58499,33.58931,33.586575,33.594645,33.60085,33.61153,33.60777,33.612935,33.629245,33.58969,33.62636,33.637895,33.631635,33.60749,33.64078,33.633795,33.64126,33.652625,33.67533,33.650065,33.653905,33.670615,33.64737,33.65679,33.656915,33.661,33.68013,33.68016,33.6729,33.691445,33.68832,33.701645,33.70922,33.71262,33.71312,33.72649,33.73003,33.742005,33.74252,33.736855,33.749705,33.755645,33.757105,33.74814,33.758665,33.7602,33.76622,33.76304,33.75518,33.771655,33.76092,33.75548,33.75888,33.740775,33.768605,33.76676,33.753235,33.75972,33.755635,33.75177,33.75322,33.74783,33.734865,33.74518,33.740895,33.728375,33.743385,33.73236,33.69075,33.734685,33.72829,33.734945,33.74316,33.73113,33.73877,33.73107,33.72252,33.71305,33.708365,33.697945,33.70335,33.825505,35.731395,182.55555,457.4697,561.83195,597.93235,612.8226,614.1161,614.17165,614.15485,614.32815,614.2464
33.576225,33.541005,33.563045,33.55869,33.568075,33.587375,33.592485,33.57054,33.59991,33.605305,33.60718,33.60761,33.621915,33.628905,33.632905,33.63838,33.644835,33.65012,33.65425,33.65067,33.65471,33.66441,33.66599,33.66388,33.676995,33.67695,33.69197,33.69234,33.68515,33.68345,33.70888,33.7094,33.710785,33.71964,33.70898,33.7183,33.739725,33.742635,33.751185,33.75256,33.76553,33.771655,33.77597,33.78497,33.797925,33.795055,33.812825,33.80605,33.81479,33.81997,33.824115,33.83108,33.83217,33.837215,33.84935,33.80898,33.851955,33.8555,33.85288,33.86045,33.86188,33.864225,33.86714,33.89801,33.854475,33.868425,33.861865,33.87245,33.873155,33.8624,33.86453,33.8706,33.87605,33.891365,33.89122,33.86218,33.88286,33.89259,33.907975,33.89634,33.90829,33.918475,33.91918,33.91903,33.95484,33.944095,33.94958,33.97199,34.06214,34.42734,40.597585,399.7329,546.70045,598.88365,613.42,615.3003,615.10925,615.1055,614.8183,614.5687
33.30523,33.302085,33.31586,33.358615,33.45147,33.62904,33.712975,33.556285,33.37469,33.29244,33.286745,33.312215,33.345035,33.330795,33.324125,33.31961,33.32284,33.267335,32.798035,32.816745,33.03245,33.01069,32.84577,32.82627,33.279355,33.370705,33.380155,33.375705,33.37709,33.39031,33.392275,33.37762,33.35761,33.362745,33.37014,33.38217,33.35566,33.363275,33.36256,33.35966,33.4082,33.419095,33.437435,33.443175,33.454075,33.42954,32.89688,32.270555,32.53909,33.347375,33.396865,33.05717,32.236795,32.095035,32.131095,32.21722,32.542605,32.964135,33.109895,32.931555,32.98269,33.00754,33.018905,32.987575,32.96087,33.00568,33.146445,33.227005,33.273165,33.082575,33.26739,33.478935,33.572285,33.59436,33.612,33.60679,33.60966,33.59307,33.578225,33.56177,33.57104,33.557395,33.50168,33.50019,33.498125,33.56653,33.71795,33.86228,34.04905,34.649455,49.044865,333.7054,533.9072,596.86635,612.47325,614.2984,614.2524,614.23435,614.1512,614.4651
34.164435,34.41446,34.73679,35.066845,35.47222,36.07742,36.67575,37.112975,35.367655,33.463285,33.351475,33.34354,33.337845,33.34536,33.36114,33.363185,33.37939,33.380225,33.40415,33.41555,33.43436,33.43642,33.44692,33.43197,33.4727,33.47047,33.483755,33.47614,33.49169,33.48076,33.482015,33.47104,33.464325,33.47128,33.47652,33.477425,33.490685,33.486895,33.48959,33.51501,33.51004,33.508635,33.51412,33.519075,33.52163,33.525615,33.524535,33.545525,33.554275,33.54521,33.55078,33.52029,33.526405,33.566285,33.55004,33.53866,33.52131,33.51664,33.51882,33.53895,33.51651,33.52835,33.52405,33.53449,33.54267,33.55078,33.553135,33.57186,33.58402,33.59552,33.622725,33.641495,33.70225,33.78065,33.852145,33.913645,34.028485,34.186285,34.38035,34.55581,34.74434,34.81219,34.962515,35.17864,35.505975,35.755155,35.93386,36.280105,36.654315,37.174895,39.961845,68.67364,497.62265,594.35025,613.23045,615.6047,615.4897,615.4308,615.1799,615.1746
41.36837,41.19624,43.40955,47.33841,52.34567,58.49927,64.52727,71.36551,76.53137,65.64282,39.774345,33.95817,33.95041,34.06102,34.15568,34.24029,34.41092,34.58037,34.72922,34.79896,34.91551,35.028945,35.09697,35.10359,35.1538,35.159095,35.15927,35.19253,35.139125,35.04213,34.88014,34.66566,34.645695,34.67716,34.62549,34.568945,34.54241,34.48503,34.44587,34.3484,34.30183,34.22884,34.178085,34.15656,34.07271,34.03664,34.00314,34.0059,33.99562,34.03107,34.02885,33.95935,33.91771,34.032935,34.17612,34.25636,34.38126,34.390375,34.43375,34.46634,34.51137,34.65269,34.73106,34.8573,34.972425,35.07782,35.18369,35.325825,35.41507,35.61919,35.73788,35.998345,36.4121,37.04601,37.61312,38.551935,40.09076,42.39403,44.873285,48.19053,51.09147,52.79072,54.020725,57.71444,61.58421,64.359185,68.14475,68.90045,69.99038,75.634875,86.06741,162.9605,438.3184,575.8167,609.5709,614.1916,614.19005,614.0833,614.5862,614.1594
154.2542,187.1821,221.0027,216.542,107.8727,40.39653,41.919945,43.85769,45.48,46.56722,48.742955,51.09892,53.43351,54.773405,55.71962,57.08628,58.20255,58.53226,58.90357,58.72675,59.3998,59.20946,59.0163,57.42962,55.9721,53.73977,51.8973,51.548675,51.33466,50.87455,49.87169,49.11884,48.57255,47.22317,46.334425,45.41151,44.3809,43.888725,43.23765,42.80721,42.27828,42.186935,42.06372,42.04735,42.402185,42.56529,42.97592,43.19232,43.480795,44.03396,44.59114,45.208015,45.69224,46.07101,46.47029,47.62398,49.36283,50.59788,51.56468,52.98604,54.59202,56.15984,57.669785,59.30069,61.02454,63.89917,67.41088,72.14794,75.608785,80.61976,85.76415,92.40415,97.521085,111.5997,119.2763,118.4256,127.365,144.5382,161.8826,180.3373,191.5785,189.1557,211.63845,242.2277,255.9451,335.5475,522.27595,599.6921,615.4905,615.114,615.1533,615.5021,615.2146,614.7105,615.012,614.8538,615.01225,614.7996,614.975,614.70775
508.8001,288.45885,288.8184,288.7506,289.6106,316.74925,349.81795,377.4065,428.6643,464.7821,494.7388,501.81195,438.7067,202.5876,102.6049,108.09465,112.93585,115.3985,117.7752,126.39855,132.0538,139.2847,146.4094,150.28765,154.3817,159.55485,162.1254,161.2654,160.81075,161.3449,164.64005,161.8504,158.9426,152.04715,144.8115,136.55535,133.8071,134.1748,132.8202,132.0829,126.5844,124.3169,122.07385,117.7911,115.25085,111.7714,107.76455,104.57785,104.11675,102.2078,100.7321,101.6406,100.5438,101.9103,102.4216,103.9867,103.78545,104.83495,106.5731,108.2768,109.7529,111.1916,112.57885,110.7487,111.224,115.24405,120.61655,123.19865,129.6695,135.66535,140.6816,149.98165,155.0962,164.61175,168.6468,181.58845,195.52275,216.8786,234.84675,248.7587,262.3543,279.7132,290.5477,320.49415,343.0238,369.5932,385.301,377.27545,394.5689,428.52985,450.8,477.42955,488.5067,472.1554,462.6276,501.0322,491.635,471.58745,479.8434,560.1905
550.048,550.98275,530.474,414.03425,289.788,278.7568,299.1083,319.8493,331.205,342.5988,357.6425,375.27975,394.46205,407.982,418.22885,425.8785,431.78265,437.3881,440.57495,441.1929,439.3721,447.466,445.81835,439.5755,435.397,420.5904,395.5673,388.8379,391.77805,389.33755,388.4401,383.4532,373.74145,369.93315,361.3429,351.17195,343.68645,332.7883,321.96085,317.8931,310.2791,305.3935,301.62095,298.1831,297.80845,296.2766,300.572,301.3724,306.0955,309.38995,308.84515,314.9576,320.6026,325.14175,329.8469,332.1845,335.3089,327.49265,338.77205,353.72165,368.5488,370.86695,381.1322,399.2096,412.68085,421.244,431.9962,443.10505,452.22465,467.8739,485.9742,498.4995,508.4541,513.7409,518.5399,523.3948,528.44105,533.4971,539.5535,535.0218,520.8875,481.4408,499.383,533.84715,550.8117,544.7107,536.7,526.5979,540.02795,508.4061,431.8272,450.5935,553.1119,601.5932,613.28095,613.6087,613.7496,613.4689,613.50855,613.7526
568.4268,568.093,569.8381,571.0726,567.88185,566.22925,566.6664,556.77365,543.86675,530.7643,532.9758,539.4674,542.3625,546.50745,546.90805,550.05905,552.65085,553.64585,556.37145,556.65595,556.7618,557.303,558.51475,557.94385,556.91795,558.38725,558.89625,557.3772,549.66475,510.65575,514.97335,543.1357,551.1457,552.07455,552.15795,550.84655,549.63845,549.8159,547.42305,545.74615,542.31095,540.60945,541.13695,540.4105,539.5995,536.4179,535.18455,536.0117,537.68555,539.29465,540.651,541.2171,541.17435,542.8648,544.2258,544.4064,543.5944,543.26185,539.629,522.7794,515.6148,516.8262,527.75745,523.19725,536.35255,548.67415,551.8482,554.37015,557.109,557.90895,555.72925,559.39035,555.03595,561.1454,560.7651,562.02725,562.1957,563.6382,565.89545,567.15935,564.1504,565.53895,560.60025,555.29415,560.34015,564.782,542.6197,515.19475,523.95445,533.58015,471.5352,427.6759,498.9038,590.3483,610.634,613.37645,613.30465,613.63325,613.3947,613.4827
574.5694,575.0431,574.9588,572.2263,571.12765,571.7582,571.58395,569.30615,568.96755,565.70905,567.2619,569.3325,569.71385,570.77105,570.56135,571.10445,570.82425,572.2375,572.40595,572.54775,571.93325,572.9148,573.5562,573.4112,572.02625,572.12205,572.4973,569.09565,548.9585,514.7729,537.24965,563.35325,568.5446,569.7711,569.23815,568.9971,569.77215,570.41785,569.59685,568.754,566.43795,566.43505,568.05715,568.50905,568.162,566.6757,565.56155,565.72705,568.21335,569.10135,570.05885,570.6654,571.1383,571.26695,571.6976,570.7921,569.6186,569.7858,567.5222,564.3745,560.87245,554.94335,562.50275,562.06245,562.4543,563.70015,565.68655,567.79675,570.06045,571.95655,565.45495,566.80165,560.89905,569.14,567.88515,566.969,565.2813,567.7575,569.74075,569.45145,568.62645,570.59725,569.02895,567.44175,567.63065,568.22165,563.99965,552.8233,541.08595,503.60545,428.40525,421.91885,509.5416,590.24465,610.0553,612.31515,612.2868,612.0198,612.01435,611.89665
570.58545,572.9976,571.34085,569.2169,570.61145,570.3712,571.52335,572.30565,573.483,573.39775,572.11305,573.3234,573.5715,574.6626,574.53185,575.2879,574.1844,574.5141,573.65075,573.64515,574.07925,574.4893,574.717,574.1326,573.5442,573.4886,572.20115,568.03075,554.0903,538.0646,553.04885,566.506,570.1351,572.4456,571.3127,569.8443,573.57925,573.9445,574.1258,573.5833,572.9629,572.82105,572.6279,573.42495,573.43455,571.759,571.1897,571.93265,573.93215,574.53855,574.86525,575.7612,576.2541,576.1484,576.2128,575.09975,574.53005,574.47125,573.4539,572.9754,572.4439,571.165,569.5597,571.52875,572.4415,569.27615,566.85165,567.48795,565.56905,572.608,569.64565,566.1792,565.65925,567.38575,567.48195,567.38045,566.1299,567.46715,570.19815,570.4697,571.16515,572.7776,571.9782,568.64955,570.52795,571.73325,572.62155,568.4346,548.9171,511.81915,472.37835,457.209,513.05605,586.04665,609.38685,611.9131,611.98625,611.77505,611.94585,612.0475
569.822,570.4986,567.60825,569.2597,571.2316,570.51755,572.04905,572.6132,573.3201,573.12945,572.61655,573.14685,574.2374,573.84825,574.00725,574.8858,573.9963,574.0503,573.4919,572.6247,573.22845,573.9628,573.5031,572.61735,572.30385,572.68545,568.3702,553.028,542.47235,555.0096,565.05335,570.2537,570.71195,570.0787,568.67155,568.28015,572.9239,573.1147,573.4522,572.68115,572.35895,572.0557,571.70915,572.7886,572.368,572.4502,571.7609,572.78525,573.1988,574.5224,574.9711,575.5739,575.41375,575.45015,574.9582,573.0155,573.68205,574.6957,574.9373,574.60755,572.96795,571.83925,570.40395,571.9418,573.3816,572.18835,569.62555,568.41115,565.9263,569.61015,568.02835,567.1607,566.3211,565.4022,564.40775,565.8155,565.7911,567.90715,569.18595,570.91515,571.3497,572.847,572.69355,569.02305,570.62535,571.29295,572.2135,569.02815,553.96755,513.6154,507.11505,522.83535,534.94805,588.51255,609.2644,611.93325,611.6402,611.51805,611.56415,611.5078
570.6031,564.24785,564.84485,567.97675,570.13765,569.07085,570.0073,570.536,570.85725,572.2222,571.83685,572.0317,572.09145,572.9154,573.1228,573.15205,570.9187,572.17435,571.9302,571.64055,572.79235,573.4809,573.18765,572.49815,570.83395,569.8724,558.7595,526.5549,536.26545,563.7703,567.9155,571.8068,571.03845,567.3682,570.408,571.5782,571.6993,572.78205,572.39855,572.42765,572.0433,571.43245,572.7414,571.6955,571.7785,571.8324,572.1456,572.2897,573.56675,574.2023,574.2826,574.91405,574.7011,574.92345,574.67625,572.48015,573.11395,573.9556,574.65515,574.3934,573.8455,572.73355,571.2994,572.99,573.4642,572.2624,569.4417,567.50645,565.9489,565.0366,568.42425,570.6267,569.43045,566.1855,563.5662,561.9351,563.1356,563.8414,567.22525,571.34505,571.9725,573.0123,572.65285,572.50505,572.4279,571.52945,568.40225,563.3519,549.57245,518.4817,526.33645,530.041,535.4474,586.15965,609.6099,611.3585,611.1301,611.3809,611.59295,611.4334
569.2828,561.93265,562.62415,570.6169,571.20545,569.9826,569.7524,568.31335,569.40385,570.92,569.1397,570.34015,570.723,572.7385,573.0624,573.021,571.84755,573.01675,572.4745,572.12425,573.24265,573.67185,572.59795,573.47955,572.79905,564.57405,569.8559,552.8027,556.2136,566.3168,569.90685,571.74095,570.4283,569.5156,571.3109,572.57935,571.4273,572.2581,571.61275,572.5429,572.94425,572.44535,572.03445,572.49605,572.73145,572.56615,572.89245,572.62195,573.63875,574.5279,574.8191,574.9081,575.7376,575.36475,575.12795,572.4907,573.31755,573.73225,573.7163,575.01565,575.28935,575.28675,572.5956,573.86925,574.2084,572.6515,571.202,570.4341,563.17625,556.93005,562.2253,568.3744,569.874,568.5392,565.2527,562.63855,561.7408,563.84565,564.7522,569.9766,572.4159,572.9883,572.0767,574.01135,574.18545,572.85885,565.28505,560.89015,562.22995,542.94685,538.1113,525.8965,522.977,571.0516,604.985,611.57985,611.9072,611.8333,611.6571,611.7791
567.4388,562.0288,563.43925,570.2579,572.6567,571.89205,570.4794,569.4203,568.1979,567.55685,564.74305,564.3008,569.6094,569.5933,570.99695,571.56635,572.17245,572.94265,572.1233,572.6333,572.8459,572.87825,573.78155,573.288,571.37295,565.2868,568.40985,572.2792,567.8332,568.4945,572.7687,572.8774,566.0466,567.2696,571.3909,573.59855,573.5122,573.35825,572.93495,571.6387,572.3836,572.12945,571.9179,571.79265,572.4485,573.12425,572.61765,573.25485,573.44255,574.2798,574.7277,574.5354,575.02625,575.3599,574.97535,573.3153,572.8448,573.4609,573.3953,574.26825,575.2368,575.4501,573.6875,572.9653,574.26075,573.71385,572.8767,573.28395,568.55565,561.6693,565.30055,562.20005,565.76985,565.6978,564.96265,564.11455,562.5437,563.5932,564.4687,566.44165,568.42325,570.0604,569.92985,573.55745,574.66695,574.78715,571.1573,567.0802,559.94905,550.79415,553.19155,542.3775,515.0691,535.91115,593.6642,610.8912,611.55,611.6481,611.504,611.5523
565.17685,570.9494,573.5493,573.95355,571.2868,569.3273,567.4002,567.12605,565.74505,563.70735,563.6486,566.3039,567.09755,569.03505,569.72935,570.4107,570.34185,570.25245,571.2584,571.586,571.2805,573.51565,572.20255,568.8376,566.9141,570.3682,570.81985,569.86865,571.5106,571.28095,571.0815,563.4821,566.32045,570.9627,572.64525,572.66885,572.64,572.569,570.65215,572.49925,572.83965,572.18695,571.16725,572.33575,572.34005,571.69825,572.35865,573.63065,575.09845,575.1651,575.1517,574.9927,575.55755,575.0864,572.537,573.8946,572.5149,570.7598,574.1296,575.2663,575.76035,575.69045,575.4752,575.47615,575.431,575.0959,575.23885,569.72585,568.5422,568.5248,564.49425,562.4243,562.2322,556.59395,561.1512,561.4823,562.84095,565.3795,565.6897,566.2022,569.7805,571.57225,573.0231,573.9261,574.6582,573.5861,568.50555,558.50995,556.7487,558.2328,540.56515,514.4375,557.2497,600.14875,611.27795,611.82055,611.74355,611.6466,611.58605,611.4207
568.82175,570.07665,573.36775,574.51465,573.2785,571.1947,568.4956,567.23855,565.6916,564.76675,564.1091,562.6595,562.1888,563.5397,566.9767,567.94655,569.341,569.8194,569.2717,570.74155,573.1239,573.2115,573.0408,571.1768,566.24275,567.6978,569.3179,566.33515,569.36405,569.37005,570.5892,570.9465,568.99335,570.8905,571.6905,572.43475,571.82235,571.66635,569.9058,571.8275,573.1761,573.07365,571.1109,570.8325,572.0678,572.66635,573.92195,573.7029,575.0687,575.2131,575.5626,575.82605,575.8842,574.7546,571.51755,573.93585,574.3207,573.0517,573.3576,573.8405,575.5516,576.39405,576.21325,576.23595,574.9317,575.3759,574.65045,570.9666,568.52215,567.9561,568.13995,559.3959,556.1388,547.2838,548.2873,551.2036,554.7111,559.4781,565.9577,567.20985,569.93895,570.79215,571.6622,572.4686,573.3739,574.14415,572.4297,568.06305,564.5186,558.18685,539.3963,515.5129,552.35735,598.9626,611.2426,611.4356,611.5348,611.4054,611.6083,611.8594
569.7117,572.12665,574.79665,574.95885,573.8066,572.0774,570.77955,569.4771,566.1019,564.3854,564.4187,563.576,564.176,566.2148,568.20015,569.97125,569.9288,570.6789,570.8057,570.4358,573.05115,571.4823,569.67015,569.08905,565.28605,569.46655,570.9823,569.1757,570.522,571.79865,573.8167,573.56075,571.8466,573.2764,573.5552,573.6948,572.34305,572.28465,570.98015,570.8282,572.9252,573.2967,573.1164,572.7903,573.3861,574.29715,575.2133,575.2315,575.1744,575.1553,575.8468,576.28105,575.8415,574.07125,573.1314,575.09,575.9347,575.154,567.4194,572.4568,575.3326,576.2035,576.41785,575.98645,574.9971,575.6565,574.97685,572.7618,572.97985,569.5448,570.8421,570.42095,567.29745,559.3723,552.20505,545.1506,544.2996,550.92675,565.7504,568.87335,570.4174,571.3644,570.2002,571.57075,572.7011,573.90495,572.3131,570.2416,567.0434,560.2996,542.54075,518.2622,556.3885,598.76425,611.033,611.2914,611.1823,611.24595,611.02525,611.50925
571.43955,572.03645,574.61115,574.66805,574.1321,572.2399,571.9357,571.30655,569.8392,568.8195,566.56295,564.8916,563.96755,565.7541,567.587,570.7121,571.06805,571.10185,572.4467,570.8295,571.51305,569.7738,568.1596,568.1455,566.8782,569.97915,570.58585,570.8386,570.52565,572.1766,573.60285,573.79155,570.3869,573.4924,574.3772,573.4364,572.53465,570.95695,571.5989,571.045,572.3665,571.9872,573.555,572.9825,573.9746,574.6492,574.8369,575.3151,575.3725,575.4422,575.6822,575.5892,574.5077,574.07295,574.4893,575.3004,575.7176,574.9408,568.4154,571.5841,574.4354,575.08645,575.1534,575.0703,575.2073,575.52645,574.89565,574.14965,573.6131,574.2291,573.2774,573.02185,570.1753,568.26475,564.3691,559.7907,557.21035,555.12985,561.4489,565.409,568.58605,571.61705,572.138,570.8955,571.9008,572.27765,569.7485,569.9617,565.769,560.67,550.75755,535.67805,555.87025,598.54885,610.6297,611.15225,611.23405,611.0233,611.15375,611.5451
573.4958,573.4323,574.6063,574.65255,574.2969,573.0403,572.73545,572.24895,570.9842,571.247,569.6011,568.2169,567.83505,565.94205,567.88835,568.3734,570.1099,570.29865,572.76275,572.40995,573.44515,569.8512,569.83085,568.83535,569.95355,572.44765,571.8211,572.11355,572.45755,573.04885,573.23025,573.7813,571.76885,574.43255,574.30925,572.55705,572.4634,571.87105,572.6789,572.1857,572.50605,572.5222,573.7454,574.00775,573.8232,574.36105,575.05465,575.2724,574.9755,575.46445,575.59995,575.379,574.7581,574.2816,574.8796,575.20495,575.6457,575.0449,574.04335,574.3737,574.26365,573.60315,574.431,573.8527,574.78285,574.5418,574.49605,573.2164,572.8584,573.452,573.63825,573.76755,570.5243,568.9844,566.7259,567.48445,565.27345,562.40565,562.9098,564.80205,567.2101,571.3868,573.18345,572.8899,572.3794,572.25045,569.51755,569.28225,564.67875,562.0417,555.3556,543.26345,567.02575,599.2794,610.9409,610.97875,610.79915,610.8797,610.76845,610.8375
572.5878,572.8111,574.26935,574.36645,574.2316,573.9561,573.40825,573.9766,573.43165,573.4726,572.2711,570.9618,569.27525,566.0137,566.0172,568.865,570.46625,570.6217,572.986,572.8864,573.1312,570.98185,571.6612,571.05155,569.8788,570.27345,571.9481,572.8366,572.38515,573.89445,573.7977,573.2748,572.9448,573.7641,573.6436,572.2718,571.4325,573.02745,573.87005,573.46065,571.8041,570.7082,572.4758,573.85305,572.67185,570.9551,570.73455,572.78935,574.2206,574.7323,575.18215,574.894,574.18435,574.6361,574.9647,574.9831,575.3547,574.33485,574.44335,574.7588,572.8949,571.60215,572.6619,572.3714,574.6614,575.0868,573.93515,572.4061,572.5411,573.89915,574.1179,573.611,572.5273,570.88205,568.5974,568.4257,567.56585,568.4373,566.8574,561.27305,562.27285,569.8512,573.24845,573.06115,572.95085,571.6762,571.003,570.01155,568.05575,562.9881,556.5534,545.64605,567.8423,600.0401,610.48,610.5115,610.8681,610.85865,610.82505,610.6507
571.9984,572.981,574.3274,574.22645,574.6112,574.5334,574.5391,574.6367,574.67325,573.9364,572.06725,572.72985,570.55045,565.79695,567.911,571.5501,572.6278,573.44565,572.52185,572.4957,571.01225,570.5655,572.9385,572.3014,571.0013,569.7721,570.896,572.4706,573.1552,573.3006,573.866,573.046,572.1429,573.5671,572.7982,571.0741,570.4516,573.3393,573.8651,571.91735,568.38975,565.7627,572.2325,571.73425,568.2885,563.06095,566.53285,569.3497,574.4736,574.85635,574.93145,574.5474,574.3964,574.6551,574.8341,574.48075,574.8219,574.2212,574.2378,574.39755,571.5931,572.706,573.5846,573.88475,574.63795,574.53355,573.537,572.783,572.4281,573.4386,574.1121,574.3997,573.14985,571.24945,568.31615,569.0444,568.8297,564.3036,566.53395,557.72065,549.5381,565.3554,572.27945,572.29335,572.45955,571.9259,571.7325,570.6314,568.6485,565.0629,558.8037,545.45915,571.3147,598.8829,610.1161,610.2736,610.19855,610.35675,610.5884,610.6156
572.2905,573.5342,574.4683,574.06035,573.482,574.17145,574.3134,573.4296,573.2424,573.4353,572.2974,573.0403,571.7101,569.8064,570.908,571.16325,572.0522,570.9712,568.4449,567.9735,565.7096,568.8443,571.82215,571.2588,571.18185,569.81745,570.00415,572.46655,572.9502,572.93515,572.82045,571.78155,570.37965,569.0226,570.4626,570.85855,571.58245,573.05375,573.2524,572.606,570.6563,569.067,570.3638,569.7052,550.07355,544.49485,534.4871,548.8675,570.9839,573.8249,573.9462,574.06685,574.3476,574.30155,573.78705,573.9605,574.03725,574.3111,574.37415,574.6212,574.1383,574.0753,574.21015,574.5865,574.5505,574.3694,573.8842,573.2128,573.51825,572.9262,573.07845,573.7586,573.11605,571.39985,568.6486,570.93825,569.6199,568.719,568.01135,561.4199,546.7501,559.8753,570.9526,572.55265,573.41425,573.7647,572.52665,570.04105,567.6276,564.71095,561.9282,551.2835,570.71665,599.2739,610.0559,610.1782,610.15735,610.24405,610.2124,610.2939
