35.28679,37.18621,33.626565,32.29773,32.21111,32.21601,32.20256,32.27108,32.29031,32.289285,32.32931,32.33126,32.31949,32.344165,32.36642,32.3859,32.38577,32.41866,32.4347,32.44519,32.458825,32.47289,32.517745,32.518725,32.5567,32.57454,32.59781,32.615995,32.63914,32.659955,32.725,32.84294,32.95724,33.05599,33.12052,33.14112,33.155375,33.11525,33.08644,32.976045,32.796525,32.69041,32.631705,32.78111,65.18676,612.6865,612.419,612.42715,612.16305,612.2911
33.51289,33.468625,33.02667,32.93845,32.91628,32.93161,32.88686,32.93468,32.962535,32.97284,32.970555,32.997125,33.02958,33.01011,33.016315,33.020185,33.01815,33.04094,32.98944,33.043885,33.052065,33.06714,33.076775,33.09379,33.09147,33.14785,33.108055,33.11671,33.11012,33.10469,33.107665,33.05737,33.06665,33.06329,33.02147,32.997395,32.94071,32.93689,32.822785,32.740505,32.61058,32.404215,32.101525,31.75415,287.0067,552.9447,552.18315,589.4742,612.15015,612.0402
33.214805,32.91452,32.94844,32.97587,32.998225,32.99222,33.00736,33.03094,33.04309,33.051735,33.0536,33.07568,33.08076,33.0955,33.099395,33.140555,33.14618,33.158025,33.15342,33.18399,33.17336,33.22773,33.23792,33.251435,33.28233,33.26349,33.279145,33.30919,33.294875,33.32562,33.354015,33.34405,33.36716,33.36612,33.3842,33.393265,33.386425,33.36194,33.409235,33.430255,33.42614,33.448075,33.453835,33.56708,45.225765,612.87745,612.27355,612.1053,612.0942,612.2032
33.36223,33.35231,32.96386,32.872645,32.832915,32.833555,32.79165,32.838065,32.85443,32.863,32.871435,32.87003,32.92008,32.884425,32.88109,32.921285,32.938255,32.957265,32.98253,32.97775,33.003685,33.01553,33.027665,33.041735,33.081375,33.08333,33.119845,33.11446,33.117355,33.11298,33.09815,33.05359,33.07329,33.07117,33.0149,32.997275,32.95257,32.89645,32.844285,32.73741,32.60074,32.408285,32.15925,31.76451,219.59755,557.61175,552.27825,589.4056,611.344,611.71095
33.136165,32.90843,32.92068,32.95422,32.9645,32.974705,32.98912,32.998065,33.03923,33.025675,33.04794,33.034765,33.04931,33.09147,33.10563,33.113095,33.12712,33.125245,33.17448,33.17885,33.187975,33.196415,33.21927,33.219215,33.25461,33.272085,33.27049,33.277665,33.29643,33.29944,33.315525,33.36621,33.34997,33.35677,33.37006,33.383295,33.39793,33.38762,33.42115,33.429245,33.43206,33.451305,33.45239,33.59768,40.92368,612.6588,612.53285,612.48475,612.39875,612.1193
32.93314,32.88773,32.90404,32.891215,32.87912,32.912,32.93304,32.89927,32.93682,32.96857,32.987345,32.93285,32.9759,32.978975,32.96271,33.002005,33.02188,33.021705,33.025185,33.03529,33.04489,33.01383,33.060875,33.11059,33.085805,33.09764,33.10957,33.103765,33.06541,33.094695,33.06884,33.053955,33.04233,33.0145,32.99648,32.96011,32.902135,32.817235,32.72627,32.647415,32.49339,32.263465,31.88923,31.608635,500.5318,557.0472,554.3859,609.1787,611.4062,611.28655
32.919135,32.938765,32.93742,33.014635,34.44403,37.14205,37.07619,36.63034,36.32029,36.15883,36.02718,35.89592,35.35657,33.97252,33.02363,33.02231,33.03043,33.106115,33.137955,33.16355,33.15501,33.17014,33.21848,33.77009,34.699925,34.908975,34.72954,34.503065,34.31837,34.482835,34.37189,34.257995,34.16405,34.03432,33.75456,33.43847,33.34784,33.374295,33.36302,33.37743,33.43938,33.42913,33.45311,34.14565,612.3446,612.3613,612.16995,612.2183,612.0602,612.1927
32.773595,32.738605,32.69556,32.538275,32.29622,32.151525,31.97938,31.75381,109.28715,221.4224,226.34015,216.5275,213.8804,200.06545,34.18928,32.853625,32.795585,32.744815,32.705475,32.60503,32.4912,32.308935,32.083075,119.3438,128.3526,129.39745,134.36095,118.22475,96.602555,90.54229,72.313435,37.664645,32.83684,32.681495,32.59907,32.418935,32.261185,31.983285,31.574835,303.0304,549.91005,537.93245,562.63335,608.5295,611.6076,611.3628,611.38165,611.54145,611.6231,611.6903
33.09139,32.942685,32.86825,32.88164,32.89373,32.93785,32.939805,33.237935,54.232595,561.1596,562.7925,562.28075,560.70025,516.89995,156.6974,31.49984,31.92478,32.17849,32.36045,32.49921,32.64872,32.97277,39.975915,489.2464,528.47005,531.9753,531.5164,527.77335,524.00925,522.37125,510.135,335.0588,31.717535,32.01454,32.296055,32.50361,32.662545,32.85443,37.67046,349.161925,612.438,612.1314,611.72995,611.514,612.1252,611.9389,612.84885,611.45645,610.7323,610.7319
32.46554,32.47053,32.33874,32.22866,31.9681,31.76794,31.502795,31.177805,154.2946,523.21635,573.9815,574.1312,572.32645,572.37745,50.467435,32.90326,32.45247,32.37992,32.21743,32.072475,31.893485,31.55121,31.37569,469.7224,571.13915,572.16025,542.50235,491.4792,493.16795,509.3807,554.821,561.1882,44.19157,32.85916,32.49805,32.31463,32.12902,31.834085,31.67074,457.4214,554.72265,547.8069,532.4103,595.5655,611.5782,611.67875,611.18495,611.6278,611.28515,611.119
31.58685,31.450745,31.41762,31.484135,31.42636,31.48828,31.51634,31.940085,67.59198,569.33955,569.92175,570.4892,568.3406,453.0333,31.18519,31.480185,31.78705,32.072745,32.278745,32.434565,32.59405,33.003115,52.96562,488.77435,530.30875,557.72835,556.02645,557.6251,559.47185,558.6495,555.14125,453.41945,67.135885,31.84927,32.093365,32.33973,32.512575,32.8876,42.9609,611.9191,611.80965,611.5357,611.5798,611.55355,611.4194,611.47835,611.37075,611.23315,611.4746,611.58825
32.29039,32.259995,32.183025,31.98584,31.81614,31.62099,31.303445,31.00948,316.33345,558.47065,574.0762,574.5975,574.22425,571.1109,34.62549,32.477805,32.33808,32.208895,32.06438,31.86924,31.625255,31.24509,311.8024,555.8704,570.93065,569.07835,553.81285,503.5282,519.01395,521.45655,543.6266,549.169,36.350185,32.58483,32.38652,32.20863,31.944945,31.597955,171.3406,535.46525,562.0771,541.7892,560.50275,607.0045,611.3163,611.0915,611.0494,611.2769,611.43455,611.2732
32.84104,32.768515,32.697095,32.759705,32.709785,32.78014,32.75795,32.972815,44.971515,572.89375,573.15295,572.3286,569.7032,454.51895,66.611345,31.511625,31.7638,32.068335,32.240325,32.39392,32.530875,33.010695,63.87518,534.65235,479.2059,439.40025,454.1221,548.9254,558.60695,564.0558,562.7905,503.4497,89.277875,31.69954,32.02629,32.26956,32.440125,32.748565,41.18088,611.95655,611.88805,611.4108,611.8501,611.74655,611.9314,611.6415,611.83295,611.78465,611.51355,611.53725
32.45241,32.3686,32.251175,32.08013,31.84587,31.69225,31.38888,31.08491,191.1676,535.9748,573.31895,574.608,575.7225,575.13785,34.9661,32.46306,32.25572,32.175395,32.018995,31.82804,31.58489,31.13894,343.6762,562.448,570.8958,569.24015,564.5856,562.0638,544.82205,455.1161,191.22815,150.4885,38.19502,32.54472,32.33704,32.122085,31.897445,31.491015,178.2303,534.1212,558.84705,548.2785,557.3391,605.5358,611.4194,611.33085,611.4672,611.5633,611.43795,611.4448
32.84938,32.72002,32.693625,32.71621,32.73391,32.76169,32.78884,32.940345,40.311055,575.1285,575.32625,574.8729,571.3452,456.51145,31.19966,31.468435,31.81519,32.05061,32.218015,32.376945,32.544035,33.153995,557.8763,534.7185,346.2262,160.328,183.71805,316.6515,528.2464,561.6982,562.5347,522.86095,166.3903,31.62189,31.96284,32.22494,32.377275,32.67617,39.23072,612.01405,611.8399,611.5638,611.9349,611.97385,611.1847,610.93065,611.2281,611.7131,611.60615,611.59585
32.414065,32.3224,32.292925,32.122655,31.863585,31.68967,31.411965,31.023285,150.71335,520.14345,572.73,574.2888,573.16915,575.53915,34.570255,32.44459,32.29624,32.137325,31.999205,31.81488,31.48095,31.19611,401.2167,564.1132,566.50685,565.7274,567.1974,567.2536,545.2657,326.6777,153.14835,153.92205,41.532015,32.76606,32.335135,32.15014,31.856015,31.55663,176.9726,521.7539,552.24565,540.66435,554.0375,604.55585,610.9036,610.99605,611.1878,610.97605,610.921,610.6846
32.81668,32.74013,32.678615,32.728695,32.721555,32.75329,32.71014,32.897365,40.81541,574.5984,574.4675,573.504,567.7037,391.49845,31.12242,31.51731,31.77131,32.04386,32.238575,32.36007,32.56718,34.321205,559.6044,525.44035,320.20615,207.3492,193.81735,160.256,298.08035,523.2251,560.81425,526.89945,162.1796,31.65773,31.92843,32.195045,32.373815,32.747,42.64371,611.9774,611.42975,610.40335,611.912,611.62305,611.7101,612.09035,611.4954,611.52965,611.10985,611.50065
32.37178,32.28844,32.21143,32.03445,31.815225,31.63777,31.33852,31.085905,155.79315,517.9158,570.45285,573.3967,574.7473,325.449835,33.749055,32.26722,32.13665,32.017005,31.85083,31.650585,31.397685,31.134275,463.0041,567.90895,567.94915,568.18585,565.31985,567.2639,546.9645,511.32335,359.38095,231.9778,43.294045,32.62143,32.298575,32.03635,31.83184,31.384225,204.1782,533.6819,564.35085,555.7809,548.0484,603.3379,611.1133,611.04365,611.24995,611.24445,611.2031,611.1402
32.70042,32.693955,32.59127,32.691435,32.609105,32.70976,32.714535,32.885485,38.981755,574.14835,574.4071,573.3288,564.74695,370.57605,31.17838,31.46589,31.831775,32.01881,32.179065,32.34379,32.62309,37.09775,563.5185,539.97995,456.1563,261.0952,237.1803,254.1978,175.97775,385.59975,530.7292,493.53975,86.820925,31.610835,31.93074,32.16877,32.353675,32.717615,47.84607,611.80315,611.7251,611.5479,611.7031,611.84495,611.5858,611.5383,611.41125,611.41685,611.4605,611.4568
32.378615,32.268185,32.24461,32.085035,31.84804,31.66646,31.40131,31.158535,79.240665,507.3688,572.9653,573.18855,573.28925,572.98095,33.63574,32.312325,32.21014,32.076705,31.929795,31.66868,31.30858,79.222165,487.93375,569.871,569.7784,566.4143,564.67535,564.0645,553.26635,421.4701,281.25175,192.5415,39.49057,32.762835,32.2963,32.055015,31.77392,31.450965,202.13605,539.7689,562.84375,554.2072,560.75615,606.3318,611.0616,611.153,610.8194,611.0892,610.7205,611.0001
32.77967,32.63813,32.703635,32.623825,32.72766,32.67172,32.74757,32.947845,39.56847,571.5734,573.2716,572.8916,564.6946,352.1631,31.153465,31.44333,31.82765,32.0533,32.204005,32.35456,32.67729,38.499825,564.9445,545.8471,422.05095,310.6962,164.06055,238.0612,480.6741,510.7025,518.3617,447.80285,137.5712,31.54741,31.889215,32.15351,32.342455,32.74247,43.59805,611.8229,611.5829,611.79375,611.5228,611.6693,612.17235,611.6737,611.83705,611.21785,611.15455,611.50675
32.28821,32.27323,32.13577,31.98838,31.79774,31.62045,31.389435,31.03438,138.27985,529.1771,573.77905,574.6673,574.36435,321.975445,33.35108,32.280045,32.129275,32.029675,31.859065,31.58869,31.242155,161.1306,521.82565,571.1639,570.7411,568.1862,565.7482,562.18475,562.24945,536.9335,450.4317,288.8423,38.42186,32.54996,32.26024,32.0159,31.752655,31.399255,241.1609,549.5538,564.92895,550.0229,562.35295,609.191,611.4634,611.40855,611.39335,611.4323,611.50775,611.2983
32.71731,32.67689,32.64447,32.64814,32.662295,32.70332,32.678955,32.840015,39.1992,571.85195,573.286,571.2471,561.70965,345.97045,31.19514,31.49235,31.82503,32.029115,32.187725,32.35108,32.65807,37.78737,563.465,566.4196,556.27995,532.564,381.7404,225.925,485.8536,558.2037,560.08315,515.4303,152.83395,31.50523,31.89454,32.125,32.27251,32.583175,44.3967,611.68605,611.54295,611.30335,611.33145,611.3631,611.5739,611.6932,611.75385,611.43115,611.8807,611.5657
32.25202,32.23202,32.103905,31.97983,31.78088,31.633085,31.386825,31.053845,85.614885,519.513,572.84265,575.1223,575.15475,325.459495,33.45548,32.278045,32.11705,32.039055,31.842765,31.6231,31.18114,166.93535,525.21925,571.67145,572.2101,572.3701,567.50785,568.12255,569.9082,563.6652,559.00885,522.42685,38.5455,32.52212,32.23201,31.996035,31.761275,31.347985,183.99675,541.2359,567.7977,556.0097,571.0493,607.9172,611.3942,611.3515,611.3604,611.2553,611.29035,611.1705
32.65214,32.567895,32.583365,32.57485,32.623955,32.55145,32.62816,32.76807,36.76061,573.3596,572.84025,572.5013,568.7191,403.00635,30.27111,30.66807,30.98167,31.25734,31.42847,31.56653,31.76253,34.89544,567.6542,569.62895,565.8792,562.25125,550.5661,468.6204,405.96,544.8429,564.9582,541.3012,222.7362,31.34104,31.792175,31.99642,32.20099,32.412155,35.32208,612.298,611.93065,611.9711,611.72585,611.7099,611.5641,611.8201,611.4174,611.4161,611.41395,611.4532
32.264725,32.2026,32.0931,31.97138,31.776965,31.62096,31.31762,31.042835,177.1848,533.24175,575.0407,575.8802,574.79365,320.616515,33.436255,32.231195,32.10957,31.94985,31.766785,31.560355,31.147105,146.52255,532.3548,573.4104,573.5655,569.0383,570.43065,569.4423,568.39485,568.27575,555.8724,557.4009,43.376225,32.54217,32.16358,31.99617,31.707405,31.45127,137.3504,528.03365,568.4628,557.65545,568.3547,607.48075,611.3182,611.3161,611.4096,611.33325,611.3469,611.3029
32.65226,32.63917,32.65354,32.63996,32.676705,32.68467,32.740645,32.927245,38.207715,574.60925,572.3779,568.4441,566.77365,423.4991,31.0988,31.393855,31.75687,31.99101,32.15606,32.301685,32.51694,35.0627,571.0584,571.74925,569.6063,565.368,561.20495,552.6288,555.16615,554.8201,561.59,543.09815,241.58135,31.32796,31.79453,32.06609,32.250465,32.47107,33.90009,611.32965,611.5251,611.59215,611.38435,611.42655,610.979,611.105,611.0038,611.28895,611.48915,611.36915
32.274035,32.205025,32.112345,31.97456,31.81271,31.5986,31.398065,30.96597,159.5957,526.70375,571.66245,572.7806,574.46185,571.5933,33.88023,32.31614,32.15009,32.021675,31.851975,31.625305,31.306185,76.761485,505.3499,573.1572,573.39575,574.09555,572.59425,570.4442,573.08285,571.04485,569.659,564.6211,47.761385,32.58708,32.25756,32.054605,31.862505,31.55081,31.16707,464.50245,563.1326,556.31025,561.46305,605.7067,611.1297,611.21045,611.2035,611.3396,611.22015,611.2608
32.64789,32.538275,32.6031,32.53087,32.59452,32.60263,32.62447,32.82408,41.63874,567.86075,571.56595,574.82285,571.9849,407.1901,31.00039,31.30048,31.67107,31.856005,32.03166,32.21406,32.439615,35.37668,571.2472,572.8086,572.79345,570.749,568.0972,561.9796,562.08955,554.47155,552.4632,539.2883,187.07835,31.227995,31.683645,31.88844,32.10641,32.29753,33.06909,338.098615,611.65165,611.33615,611.4488,611.3867,610.9831,610.99615,611.07795,611.2099,610.97005,610.9324
32.235445,32.111635,32.05968,31.923245,31.766615,31.54027,31.29227,31.009665,162.8795,525.4147,574.082,574.2803,567.2772,570.18565,34.854315,32.248005,32.07898,31.947095,31.7505,31.546415,31.257705,30.986815,474.7643,573.8935,573.36975,571.0328,571.07805,572.1439,566.65505,567.3631,570.3085,570.94755,53.7572,32.5937,32.087515,31.92471,31.761485,31.5039,31.07936,351.3895,558.9707,559.32095,557.31355,603.4407,610.7957,611.0134,610.9906,610.98355,610.9688,611.276
32.60336,32.600375,32.59477,32.605395,32.62323,32.62573,32.707175,32.877335,37.7286,572.606,573.4621,573.8818,570.87365,493.35175,78.91388,31.24574,31.66146,31.86692,32.04159,32.20785,32.40268,33.370735,574.6706,572.77555,567.54965,571.4499,571.3346,569.3205,571.89025,572.59665,570.73465,554.32585,263.93305,31.31554,31.650545,31.92777,32.1303,32.28423,32.60972,54.16359,611.4479,611.33445,611.3433,611.40635,611.2725,611.3681,611.4336,611.67315,611.7185,611.67285
32.220355,32.145915,32.072935,31.932895,31.789585,31.59948,31.322775,30.951245,213.73945,544.05875,572.7987,573.393,574.33735,573.1316,34.61023,32.330465,32.13668,31.972075,31.80163,31.570475,31.2686,30.972355,490.9645,573.1454,573.6227,573.97885,573.7455,574.7561,571.78145,572.97175,573.1293,572.34075,43.79226,32.54147,32.220675,32.05987,31.858595,31.599615,31.0986,346.83655,556.8365,556.89065,570.50515,607.31895,611.1835,611.2027,611.4046,611.4119,611.23805,611.3469
32.70946,32.65087,32.670425,32.614175,32.701395,32.68689,32.736805,32.86522,36.39644,539.3249,542.1297,543.6867,543.43375,502.58385,140.25405,31.289415,31.71114,31.93262,32.14317,32.25369,32.405415,32.901565,74.84976,552.53895,551.7386,548.08445,545.66345,546.0006,539.6516,532.95255,527.54685,502.52145,258.26305,31.30676,31.760205,32.031775,32.21697,32.36597,32.61314,38.86453,611.70125,611.5577,611.7029,611.70705,611.7909,611.3372,611.1823,611.10795,611.89085,611.731
32.59046,32.6098,32.53707,32.51318,32.54259,32.51439,32.4703,32.4989,32.41543,32.39292,32.31537,32.23965,32.10966,31.95709,31.726285,31.42313,106.9388,111.1144,89.62398,33.36552,32.48731,32.436085,32.39459,32.2638,32.12641,31.94966,31.73049,170.8287,176.8104,172.7756,178.6799,157.2867,153.6654,136.6496,83.07979,37.983885,32.39069,32.22916,32.10711,31.8913,31.65407,31.24106,292.94575,559.1867,562.2851,602.0049,611.21,611.1683,611.1454,610.6535
33.00375,33.01161,33.08626,33.08919,33.1329,33.24746,33.26954,33.24149,32.94038,32.76547,32.79551,32.82833,32.83044,32.80017,32.89924,32.91888,32.851155,32.94541,32.96974,33.45684,34.07663,34.07358,33.96836,33.97685,33.884685,33.76532,33.50463,33.49343,33.50051,33.35131,33.31855,33.2682,33.11144,33.005255,33.02413,32.93882,32.95736,33.02472,33.03679,32.98066,33.01836,33.139105,36.06274,612.1785,612.1148,612.1011,612.312,612.2629,612.1522,612.01535
32.64955,32.6114,32.59274,32.64098,32.7068,32.6747,32.68459,32.72723,32.701595,32.67021,32.71457,32.69509,32.73551,32.740435,32.73452,32.743455,32.75124,32.753825,32.73085,32.69948,32.758485,32.75177,32.75827,32.78801,32.77564,32.770975,32.80089,32.774515,32.75826,32.761605,32.78669,32.742195,32.702935,32.68408,32.653425,32.59519,32.560955,32.510975,32.47369,32.36545,32.24946,32.065175,31.84955,31.51095,83.725945,521.4995,564.8408,611.1268,611.52045,611.13955
32.681355,32.668245,32.64846,32.70162,32.75841,32.72394,32.70011,32.70794,32.68168,32.606,32.603255,32.56633,32.51727,32.475165,32.45657,32.46813,32.4854,32.5375,32.61242,32.64157,32.671005,32.69854,32.773365,32.8644,32.875495,32.91531,32.95126,32.92988,32.90102,32.938155,32.96107,32.94182,32.93986,32.95545,32.908635,32.86618,32.902465,32.8918,32.90053,32.90326,32.93264,32.89796,32.90442,32.94257,33.329935,61.19721,612.46905,612.2779,612.1342,612.1739
32.59127,32.62362,32.66069,32.650485,32.62443,32.661305,32.645915,32.65536,32.67153,32.66671,32.651245,32.65205,32.677365,32.687605,32.70627,32.676775,32.67128,32.69428,32.68721,32.73005,32.690845,32.74205,32.701195,32.7205,32.74709,32.74884,32.77217,32.73558,32.76137,32.715125,32.7131,32.70895,32.688515,32.69131,32.632555,32.63281,32.563415,32.49953,32.44676,32.379595,32.27308,32.12857,31.96895,31.681555,31.21565,303.9019,561.1869,611.2328,611.98295,611.62925
32.644845,32.67074,32.67477,32.6969,32.70143,32.70911,32.72417,32.7602,32.72735,32.72632,32.763315,32.77662,32.76382,32.78712,32.74301,32.788465,32.75993,32.810805,32.814625,32.86358,32.85225,32.88457,32.86103,32.85886,32.875815,32.909515,32.90161,32.90212,32.89441,32.931515,32.92767,32.94747,32.94087,32.98304,32.94367,32.91994,32.947895,32.94583,32.92535,32.98471,32.98982,32.98464,32.9515,33.021865,33.137,37.74229,612.8801,612.2998,612.4573,612.377
32.6408,32.599465,32.66361,32.65324,32.662475,32.60465,32.65085,32.66101,32.70326,32.674365,32.685525,32.69506,32.70529,32.65978,32.69199,32.72018,32.71412,32.697845,32.705005,32.72402,32.720735,32.75297,32.77665,32.72589,32.753245,32.74225,32.74208,32.77873,32.73392,32.712085,32.73655,32.69154,32.68285,32.64016,32.620955,32.585005,32.60691,32.5156,32.47715,32.39437,32.313455,32.16587,32.04642,31.809805,31.44714,31.18788,512.11485,605.2722,611.6917,611.61305
50.157975,44.11058,32.37854,32.49325,32.716975,32.9053,33.087125,33.244415,33.373,33.4137,33.471795,33.4103,33.374765,33.244855,33.19482,33.134305,33.09321,33.05803,32.99714,32.986895,32.93384,32.968745,32.965985,33.02876,33.010075,33.02561,33.10909,33.10927,33.151875,33.20606,33.300795,33.41999,33.65246,33.89704,34.138485,34.46745,34.833285,35.19023,35.71967,36.818325,38.75707,43.7641,45.22601,46.921795,55.18789,613.11285,612.3966,613.17,612.5331,612.5457
163.8104,165.6683,164.3247,165.265,157.7816,64.25492,69.647135,73.12153,80.70379,85.94335,89.88721,92.60366,93.77918,95.54081,93.74347,87.059215,82.81109,80.66047,79.37762,78.48658,73.78588,70.75464,67.886455,65.80011,63.45592,63.24614,63.65782,65.29265,65.57982,69.40021,73.73354,74.59803,77.31454,84.72045,102.6068,111.8197,127.7121,144.8577,159.95695,190.3766,229.30855,240.8161,284.4609,327.38675,340.4031,378.73885,422.5481,544.4771,611.1584,612.2367
492.88765,501.0162,516.65415,524.2694,527.63415,531.7507,531.9581,532.65205,532.22,520.7753,493.936,516.4114,514.4693,510.8793,504.51245,493.8507,483.626,478.6381,472.0723,470.0762,468.7014,475.50825,484.3787,486.6682,489.9031,494.0611,482.48575,473.5435,508.29355,521.3559,532.10915,538.2065,535.1243,547.37745,549.6388,553.6468,557.759,558.254,537.70575,536.8208,550.17575,519.9747,523.55455,431.5791,585.1407,611.24915,611.6888,611.64135,611.5308,611.2659
567.6447,570.612,571.5946,571.64895,572.28475,572.3617,573.9298,572.3957,572.98485,572.7995,574.0115,573.50245,568.05,530.9003,564.97785,570.75925,571.70885,572.60105,572.14325,571.1385,571.21825,569.69515,570.71675,572.4514,574.31685,574.7961,574.3129,572.595,571.0758,569.25345,568.46705,566.73455,564.0482,570.85845,565.9982,566.3253,565.85315,566.4056,569.64375,571.2489,568.61305,570.18005,567.13215,524.79785,433.54995,561.3462,611.0658,611.37375,611.13025,611.7254
569.83375,570.47915,572.4651,572.5081,573.27415,573.47275,573.25045,572.66245,573.3539,573.3969,572.6231,571.26345,534.1546,559.2926,570.10595,568.89335,571.1416,572.5746,572.44845,571.39865,571.2687,571.81955,572.9035,573.77735,575.0203,575.2739,573.64195,574.15295,574.62245,570.96475,572.69785,572.4601,567.95675,567.6867,569.53615,564.71225,564.0924,565.7214,569.7432,572.4263,571.88785,570.48375,569.2487,526.92365,521.16135,559.35725,610.7991,611.59715,611.35725,610.7255
571.2323,567.9278,568.23645,564.8082,570.3805,572.3852,571.5362,573.14815,571.8622,573.86805,570.60145,569.1273,566.8196,568.4861,571.14005,571.12255,572.36795,572.05765,571.3988,572.15345,572.1363,572.34495,572.38525,574.3478,574.37715,574.2004,571.98665,573.4927,574.08535,573.9081,573.14975,573.5134,567.37825,563.30895,564.33915,566.3957,563.1078,562.4428,568.84055,569.7923,572.4311,573.2184,562.35575,552.6206,529.8313,556.3045,610.85355,610.90595,611.2735,611.43455
573.7047,569.27485,566.5372,563.00565,564.76955,564.86975,568.6144,568.8952,571.7697,573.25885,571.50545,567.1201,570.2481,570.2072,570.1211,569.9242,571.8869,569.73815,571.4622,572.36265,570.95035,571.5933,572.2353,574.20425,574.6401,575.1684,571.50915,572.8551,571.2856,575.44955,575.4592,575.02005,571.569,569.66195,564.31805,554.28845,554.12535,558.4033,565.3084,568.1498,570.9803,573.69505,571.84845,559.0531,542.8207,544.16305,610.7311,610.927,610.4804,610.7303
574.3943,571.58835,569.2375,565.07435,564.02705,565.23085,568.1175,570.94955,571.49535,570.1371,565.37575,570.58425,569.4929,570.61215,573.04845,572.423,573.17685,570.9672,571.2008,571.83445,572.56165,573.6376,574.70905,575.166,575.8226,574.5185,574.579,575.45805,568.4681,575.2824,575.3533,575.347,574.68705,573.6904,572.3105,569.64115,559.51905,551.6831,563.1727,569.4913,570.3833,571.74845,571.50725,566.94365,549.2659,550.5784,610.06435,610.4763,610.48915,610.5336
574.9974,573.64835,573.17525,571.9979,568.48595,568.3656,567.93495,572.3662,570.76945,572.02985,570.71015,570.44495,573.3526,573.0373,573.98035,573.44035,572.00475,573.8144,572.1925,572.9736,574.1025,573.978,574.71415,575.61435,575.918,574.9272,575.5673,575.38655,574.4194,573.5778,573.75465,575.1998,574.3006,573.6241,573.4519,572.24635,567.28925,568.0898,566.70895,567.1435,573.21265,572.73315,571.74255,568.458,556.65745,567.4592,610.79385,611.0918,611.28805,611.2533
574.4869,575.12235,574.1035,573.8358,571.48975,570.13905,570.83365,573.427,567.7752,570.65505,571.63955,570.55225,572.83435,573.8023,573.4733,571.26145,571.5317,573.40585,573.8017,567.5369,570.4088,561.8588,554.70115,575.9647,575.3486,574.9507,574.54045,574.7263,575.29645,575.6358,574.5538,574.9997,574.0408,573.8656,574.06015,573.6565,570.3106,570.8382,565.6203,549.38725,572.0789,573.57795,571.66635,568.11695,560.02205,573.4434,610.937,611.0895,611.01915,611.04675
